insert into Filial (idFilial, nome, morada, contacto) values (1, 'Sharps Compliance Corp', '79673 American Alley', '237-450-2154');
insert into Filial (idFilial, nome, morada, contacto) values (2, 'Global Partner Acquisition Corp.', '39735 Debra Road', '891-785-1530');
insert into Filial (idFilial, nome, morada, contacto) values (3, 'Cemtrex Inc.', '993 Sherman Way', '498-764-7148');
insert into Filial (idFilial, nome, morada, contacto) values (4, 'Atrion Corporation', '35352 Comanche Crossing', '742-545-5723');
insert into Filial (idFilial, nome, morada, contacto) values (5, 'TechnipFMC plc', '46337 Reindahl Parkway', '319-365-0237');
insert into Filial (idFilial, nome, morada, contacto) values (6, 'The Carlyle Group L.P.', '57 Coolidge Drive', '292-791-2152');
insert into Filial (idFilial, nome, morada, contacto) values (7, 'Harley-Davidson, Inc.', '1065 Buell Drive', '616-207-0005');
insert into Filial (idFilial, nome, morada, contacto) values (8, 'Global Payments Inc.', '323 Magdeline Terrace', '720-673-3530');
insert into Filial (idFilial, nome, morada, contacto) values (9, 'Petroquest Energy Inc', '8 Dakota Hill', '376-716-0917');
insert into Filial (idFilial, nome, morada, contacto) values (10, 'Highway Holdings Limited', '6521 Schmedeman Way', '139-846-3258');

insert into Massagista (idMassagista, nome, avaliacao, genero, morada, contacto_trabalho, Filial_idFilial) values (1, 'Nellie Lyon', '5', 'F', '11 Nevada Trail', '535-121-4675', '10');
insert into Massagista (idMassagista, nome, avaliacao, genero, morada, contacto_trabalho, Filial_idFilial) values (2, 'Brandy Birtwisle', '5', 'F', '82640 Elmside Alley', '337-216-9433', '8');
insert into Massagista (idMassagista, nome, avaliacao, genero, morada, contacto_trabalho, Filial_idFilial) values (3, 'Nickolaus Dalston', '3', 'M', '14601 Southridge Way', '539-495-3247', '8');
insert into Massagista (idMassagista, nome, avaliacao, genero, morada, contacto_trabalho, Filial_idFilial) values (4, 'Lilyan Blankenship', '5', 'F', '7843 Messerschmidt Plaza', '414-986-1421', '4');
insert into Massagista (idMassagista, nome, avaliacao, genero, morada, contacto_trabalho, Filial_idFilial) values (5, 'Linn Bakhrushkin', '2', 'F', '06 Sycamore Crossing', '739-495-2790', '10');
insert into Massagista (idMassagista, nome, avaliacao, genero, morada, contacto_trabalho, Filial_idFilial) values (6, 'Kania Landsborough', '5', 'F', '1617 Arizona Terrace', '684-563-6203', '10');
insert into Massagista (idMassagista, nome, avaliacao, genero, morada, contacto_trabalho, Filial_idFilial) values (7, 'Yvon Chattington', '5', 'M', '75 Straubel Terrace', '442-506-4369', '9');
insert into Massagista (idMassagista, nome, avaliacao, genero, morada, contacto_trabalho, Filial_idFilial) values (8, 'Dunn Stormouth', '5', 'M', '8 Bultman Terrace', '632-864-7875', '8');
insert into Massagista (idMassagista, nome, avaliacao, genero, morada, contacto_trabalho, Filial_idFilial) values (9, 'Wilow Girdlestone', '5', 'F', '20839 Service Lane', '142-745-5849', '9');
insert into Massagista (idMassagista, nome, avaliacao, genero, morada, contacto_trabalho, Filial_idFilial) values (10, 'Waiter De la Yglesias', '4', 'M', '70045 Namekagon Parkway', '105-730-8586', '10');
insert into Massagista (idMassagista, nome, avaliacao, genero, morada, contacto_trabalho, Filial_idFilial) values (11, 'Baxy Bessett', '5', 'M', '373 Kim Crossing', '389-975-2198', '6');
insert into Massagista (idMassagista, nome, avaliacao, genero, morada, contacto_trabalho, Filial_idFilial) values (12, 'Eduino Carslake', '5', 'M', '16 Ronald Regan Place', '948-525-8603', '10');
insert into Massagista (idMassagista, nome, avaliacao, genero, morada, contacto_trabalho, Filial_idFilial) values (13, 'Chester Gavozzi', '5', 'M', '207 Menomonie Alley', '665-882-9911', '10');
insert into Massagista (idMassagista, nome, avaliacao, genero, morada, contacto_trabalho, Filial_idFilial) values (14, 'Dorelia Davis', '2', 'F', '2 Petterle Point', '880-288-5753', '10');
insert into Massagista (idMassagista, nome, avaliacao, genero, morada, contacto_trabalho, Filial_idFilial) values (15, 'Herminia Wollen', '5', 'F', '4 Marcy Road', '459-586-4429', '10');
insert into Massagista (idMassagista, nome, avaliacao, genero, morada, contacto_trabalho, Filial_idFilial) values (16, 'Pearla Gwatkins', '5', 'F', '78 Mallory Alley', '134-832-7051', '10');
insert into Massagista (idMassagista, nome, avaliacao, genero, morada, contacto_trabalho, Filial_idFilial) values (17, 'Siffre Utton', '4', 'M', '907 Ruskin Terrace', '380-354-7096', '8');
insert into Massagista (idMassagista, nome, avaliacao, genero, morada, contacto_trabalho, Filial_idFilial) values (18, 'Cosimo Reddy', '4', 'M', '958 Browning Road', '742-406-9294', '10');
insert into Massagista (idMassagista, nome, avaliacao, genero, morada, contacto_trabalho, Filial_idFilial) values (19, 'Ripley Flockhart', '5', 'M', '92622 Bluestem Avenue', '486-959-6764', '10');
insert into Massagista (idMassagista, nome, avaliacao, genero, morada, contacto_trabalho, Filial_idFilial) values (20, 'Beck Voller', '5', 'M', '1295 West Hill', '343-932-9155', '6');
insert into Massagista (idMassagista, nome, avaliacao, genero, morada, contacto_trabalho, Filial_idFilial) values (21, 'Jannel Vedntyev', '3', 'F', '3 Schiller Pass', '628-766-8980', '10');
insert into Massagista (idMassagista, nome, avaliacao, genero, morada, contacto_trabalho, Filial_idFilial) values (22, 'Marje Sidnell', '5', 'F', '9301 Charing Cross Alley', '780-985-1677', '9');
insert into Massagista (idMassagista, nome, avaliacao, genero, morada, contacto_trabalho, Filial_idFilial) values (23, 'Melba Robertsen', '3', 'F', '78621 Jenifer Drive', '189-491-6350', '10');
insert into Massagista (idMassagista, nome, avaliacao, genero, morada, contacto_trabalho, Filial_idFilial) values (24, 'Ossie Stracey', '5', 'M', '1731 Thompson Place', '554-736-2350', '10');
insert into Massagista (idMassagista, nome, avaliacao, genero, morada, contacto_trabalho, Filial_idFilial) values (25, 'Laura Moyce', '1', 'F', '895 Drewry Point', '312-126-9351', '8');
insert into Massagista (idMassagista, nome, avaliacao, genero, morada, contacto_trabalho, Filial_idFilial) values (26, 'Austin Greenless', '2', 'F', '96817 Debra Point', '290-944-3469', '10');
insert into Massagista (idMassagista, nome, avaliacao, genero, morada, contacto_trabalho, Filial_idFilial) values (27, 'Riccardo Stranks', '5', 'M', '835 Kingsford Circle', '551-920-8310', '8');
insert into Massagista (idMassagista, nome, avaliacao, genero, morada, contacto_trabalho, Filial_idFilial) values (28, 'Barney Gratrex', '3', 'M', '53 Oxford Avenue', '892-435-4410', '7');
insert into Massagista (idMassagista, nome, avaliacao, genero, morada, contacto_trabalho, Filial_idFilial) values (29, 'Grier Yurkevich', '4', 'F', '4519 Duke Center', '208-405-1007', '10');
insert into Massagista (idMassagista, nome, avaliacao, genero, morada, contacto_trabalho, Filial_idFilial) values (30, 'Kore Bratcher', '4', 'F', '04 Randy Trail', '265-325-2133', '10');
insert into Massagista (idMassagista, nome, avaliacao, genero, morada, contacto_trabalho, Filial_idFilial) values (31, 'Honoria Jambrozek', '4', 'F', '2 Lakewood Gardens Park', '669-283-9751', '10');
insert into Massagista (idMassagista, nome, avaliacao, genero, morada, contacto_trabalho, Filial_idFilial) values (32, 'Kay Mc Meekin', '5', 'F', '13 Springview Hill', '869-509-0835', '10');
insert into Massagista (idMassagista, nome, avaliacao, genero, morada, contacto_trabalho, Filial_idFilial) values (33, 'Halsey Ashelford', '5', 'M', '13 Elmside Junction', '932-419-0698', '7');
insert into Massagista (idMassagista, nome, avaliacao, genero, morada, contacto_trabalho, Filial_idFilial) values (34, 'Tynan Houlridge', '5', 'M', '7 Fulton Terrace', '814-697-6477', '9');
insert into Massagista (idMassagista, nome, avaliacao, genero, morada, contacto_trabalho, Filial_idFilial) values (35, 'Dehlia Mash', '2', 'F', '6663 Hagan Parkway', '413-371-5692', '10');
insert into Massagista (idMassagista, nome, avaliacao, genero, morada, contacto_trabalho, Filial_idFilial) values (36, 'Tadio McCafferty', '3', 'M', '3353 Kingsford Junction', '516-766-6164', '9');
insert into Massagista (idMassagista, nome, avaliacao, genero, morada, contacto_trabalho, Filial_idFilial) values (37, 'Jere Worts', '5', 'M', '18 Lien Pass', '408-763-5641', '8');
insert into Massagista (idMassagista, nome, avaliacao, genero, morada, contacto_trabalho, Filial_idFilial) values (38, 'Giuseppe Rasch', '5', 'M', '32 Marquette Alley', '417-187-2416', '10');
insert into Massagista (idMassagista, nome, avaliacao, genero, morada, contacto_trabalho, Filial_idFilial) values (39, 'Sileas Lorenzetto', '3', 'F', '260 Mallory Park', '281-989-6680', '10');
insert into Massagista (idMassagista, nome, avaliacao, genero, morada, contacto_trabalho, Filial_idFilial) values (40, 'Owen Giacopini', '5', 'M', '5192 Shasta Place', '640-237-3208', '7');
insert into Massagista (idMassagista, nome, avaliacao, genero, morada, contacto_trabalho, Filial_idFilial) values (41, 'Zak Baversor', '5', 'M', '754 Mendota Avenue', '742-801-3819', '8');
insert into Massagista (idMassagista, nome, avaliacao, genero, morada, contacto_trabalho, Filial_idFilial) values (42, 'Carce Baynes', '5', 'M', '51 Esch Lane', '332-692-9980', '9');
insert into Massagista (idMassagista, nome, avaliacao, genero, morada, contacto_trabalho, Filial_idFilial) values (43, 'Shane Curson', '5', 'M', '30 Badeau Terrace', '572-234-4140', '10');
insert into Massagista (idMassagista, nome, avaliacao, genero, morada, contacto_trabalho, Filial_idFilial) values (44, 'Flossi Lacroix', '3', 'F', '7 Wayridge Street', '462-452-5946', '10');
insert into Massagista (idMassagista, nome, avaliacao, genero, morada, contacto_trabalho, Filial_idFilial) values (45, 'Melicent Loiterton', '3', 'F', '57206 Dunning Place', '957-698-9263', '10');
insert into Massagista (idMassagista, nome, avaliacao, genero, morada, contacto_trabalho, Filial_idFilial) values (46, 'Abbott Demange', '5', 'M', '2880 Corry Street', '261-432-7330', '9');
insert into Massagista (idMassagista, nome, avaliacao, genero, morada, contacto_trabalho, Filial_idFilial) values (47, 'Maribel Leach', '0', 'F', '4378 Oak Valley Crossing', '332-841-4898', '10');
insert into Massagista (idMassagista, nome, avaliacao, genero, morada, contacto_trabalho, Filial_idFilial) values (48, 'Petrina Berzins', '4', 'F', '996 Dwight Street', '901-445-9846', '10');
insert into Massagista (idMassagista, nome, avaliacao, genero, morada, contacto_trabalho, Filial_idFilial) values (49, 'Valina Danielczyk', '5', 'F', '86349 Moland Pass', '662-670-7567', '10');
insert into Massagista (idMassagista, nome, avaliacao, genero, morada, contacto_trabalho, Filial_idFilial) values (50, 'Will Pinkstone', '5', 'M', '91676 Artisan Center', '641-731-0352', '8');
insert into Massagista (idMassagista, nome, avaliacao, genero, morada, contacto_trabalho, Filial_idFilial) values (51, 'Richart Runham', '5', 'M', '1837 Donald Park', '371-400-1271', '8');
insert into Massagista (idMassagista, nome, avaliacao, genero, morada, contacto_trabalho, Filial_idFilial) values (52, 'Roderick Pauleit', '5', 'M', '29418 Sachs Point', '806-819-1025', '7');
insert into Massagista (idMassagista, nome, avaliacao, genero, morada, contacto_trabalho, Filial_idFilial) values (53, 'Paco Whyteman', '4', 'M', '86332 Blue Bill Park Avenue', '153-309-2451', '7');
insert into Massagista (idMassagista, nome, avaliacao, genero, morada, contacto_trabalho, Filial_idFilial) values (54, 'Lemmy Chill', '5', 'M', '70 Lien Point', '716-209-2351', '9');
insert into Massagista (idMassagista, nome, avaliacao, genero, morada, contacto_trabalho, Filial_idFilial) values (55, 'Odie Bransden', '5', 'M', '7 Raven Park', '436-107-2077', '10');
insert into Massagista (idMassagista, nome, avaliacao, genero, morada, contacto_trabalho, Filial_idFilial) values (56, 'Tallie Breit', '4', 'F', '5 Eliot Parkway', '480-426-9400', '7');
insert into Massagista (idMassagista, nome, avaliacao, genero, morada, contacto_trabalho, Filial_idFilial) values (57, 'Justin Rowson', '2', 'M', '530 Sherman Plaza', '828-389-4500', '10');
insert into Massagista (idMassagista, nome, avaliacao, genero, morada, contacto_trabalho, Filial_idFilial) values (58, 'Robinette Van Leijs', '5', 'F', '7183 2nd Drive', '673-150-7253', '10');
insert into Massagista (idMassagista, nome, avaliacao, genero, morada, contacto_trabalho, Filial_idFilial) values (59, 'Clay Marti', '5', 'M', '0 Waywood Plaza', '210-362-0078', '9');
insert into Massagista (idMassagista, nome, avaliacao, genero, morada, contacto_trabalho, Filial_idFilial) values (60, 'Ozzie Coull', '5', 'M', '94344 Fairview Drive', '959-462-9491', '10');
insert into Massagista (idMassagista, nome, avaliacao, genero, morada, contacto_trabalho, Filial_idFilial) values (61, 'Joshuah Tinto', '4', 'M', '7671 Dwight Point', '509-109-5845', '10');
insert into Massagista (idMassagista, nome, avaliacao, genero, morada, contacto_trabalho, Filial_idFilial) values (62, 'Carson Stanyon', '4', 'M', '8485 Dryden Park', '536-760-8253', '9');
insert into Massagista (idMassagista, nome, avaliacao, genero, morada, contacto_trabalho, Filial_idFilial) values (63, 'Bella Meaking', '5', 'F', '62380 Hayes Point', '416-264-0872', '10');
insert into Massagista (idMassagista, nome, avaliacao, genero, morada, contacto_trabalho, Filial_idFilial) values (64, 'Griffy Kilmurray', '5', 'M', '72 Havey Court', '282-269-9520', '10');
insert into Massagista (idMassagista, nome, avaliacao, genero, morada, contacto_trabalho, Filial_idFilial) values (65, 'Andris Suatt', '5', 'M', '75 Lakewood Point', '495-966-5851', '10');

insert into Cliente (idCliente, morada, nome, DOB, idade, genero, Filial_idFilial) values (1, '408 Arizona Point', 'Addie Lutton', '1943-07-16', 78, 'M', '8');
insert into Cliente (idCliente, morada, nome, DOB, idade, genero, Filial_idFilial) values (2, '65 Carberry Crossing', 'Lannie Petrou', '2004-09-23', 16, 'M', '9');
insert into Cliente (idCliente, morada, nome, DOB, idade, genero, Filial_idFilial) values (3, '40 Warner Terrace', 'Ferguson Langman', '1948-10-17', 72, 'M', '9');
insert into Cliente (idCliente, morada, nome, DOB, idade, genero, Filial_idFilial) values (4, '78 Melody Alley', 'Ketty Adrienne', '1971-10-23', 49, 'F', '10');
insert into Cliente (idCliente, morada, nome, DOB, idade, genero, Filial_idFilial) values (5, '5332 Becker Alley', 'Julius Braiden', '1996-05-03', 25, 'M', '9');
insert into Cliente (idCliente, morada, nome, DOB, idade, genero, Filial_idFilial) values (6, '052 Russell Junction', 'Brigid Attride', '2010-03-20', 11, 'F', '10');
insert into Cliente (idCliente, morada, nome, DOB, idade, genero, Filial_idFilial) values (7, '05533 Meadow Valley Center', 'Korrie Blooman', '1990-10-01', 30, 'F', '9');
insert into Cliente (idCliente, morada, nome, DOB, idade, genero, Filial_idFilial) values (8, '1946 Packers Hill', 'Connie Yosifov', '1948-01-19', 73, 'F', '9');
insert into Cliente (idCliente, morada, nome, DOB, idade, genero, Filial_idFilial) values (9, '28667 Superior Plaza', 'Madison Ricciardi', '1980-11-18', 40, 'M', '9');
insert into Cliente (idCliente, morada, nome, DOB, idade, genero, Filial_idFilial) values (10, '30022 Nobel Center', 'Joella Chettoe', '1993-10-09', 27, 'F', '10');
insert into Cliente (idCliente, morada, nome, DOB, idade, genero, Filial_idFilial) values (11, '8593 Ridgeway Point', 'Quintana Le Sieur', '1989-12-23', 31, 'F', '10');
insert into Cliente (idCliente, morada, nome, DOB, idade, genero, Filial_idFilial) values (12, '3 Transport Street', 'Jacklin Thompson', '1953-04-10', 68, 'F', '10');
insert into Cliente (idCliente, morada, nome, DOB, idade, genero, Filial_idFilial) values (13, '19 Mockingbird Circle', 'Pepi Frood', '1996-12-13', 24, 'F', '10');
insert into Cliente (idCliente, morada, nome, DOB, idade, genero, Filial_idFilial) values (14, '74 Katie Center', 'Dev Moyes', '1973-06-20', 48, 'M', '8');
insert into Cliente (idCliente, morada, nome, DOB, idade, genero, Filial_idFilial) values (15, '85213 Nova Pass', 'Alene Hadigate', '2000-08-20', 20, 'F', '9');
insert into Cliente (idCliente, morada, nome, DOB, idade, genero, Filial_idFilial) values (16, '4 Fairfield Trail', 'Phebe Doswell', '1971-02-07', 50, 'F', '9');
insert into Cliente (idCliente, morada, nome, DOB, idade, genero, Filial_idFilial) values (17, '3 Jackson Plaza', 'Anne-marie Gasnell', '1943-09-10', 77, 'F', '10');
insert into Cliente (idCliente, morada, nome, DOB, idade, genero, Filial_idFilial) values (18, '564 Golden Leaf Alley', 'Demetra Starrs', '1948-10-21', 72, 'F', '9');
insert into Cliente (idCliente, morada, nome, DOB, idade, genero, Filial_idFilial) values (19, '92096 Montana Parkway', 'Domeniga Helstrip', '1943-03-18', 78, 'F', '9');
insert into Cliente (idCliente, morada, nome, DOB, idade, genero, Filial_idFilial) values (20, '93807 Clove Terrace', 'Selia Edgington', '2008-11-14', 12, 'F', '9');
insert into Cliente (idCliente, morada, nome, DOB, idade, genero, Filial_idFilial) values (21, '3061 Carey Circle', 'Thorstein Syseland', '1994-05-11', 27, 'M', '10');
insert into Cliente (idCliente, morada, nome, DOB, idade, genero, Filial_idFilial) values (22, '05 Buena Vista Plaza', 'Maressa Ginie', '1967-05-29', 54, 'F', '9');
insert into Cliente (idCliente, morada, nome, DOB, idade, genero, Filial_idFilial) values (23, '3 Golf View Point', 'Jervis Wahncke', '1974-04-16', 47, 'M', '8');
insert into Cliente (idCliente, morada, nome, DOB, idade, genero, Filial_idFilial) values (24, '9 Fairview Pass', 'Mathe Pikesley', '2001-01-05', 20, 'M', '10');
insert into Cliente (idCliente, morada, nome, DOB, idade, genero, Filial_idFilial) values (25, '32061 New Castle Drive', 'Immanuel Lapslie', '1966-05-14', 55, 'M', '9');
insert into Cliente (idCliente, morada, nome, DOB, idade, genero, Filial_idFilial) values (26, '56 Granby Way', 'Chancey Foort', '1999-08-02', 21, 'M', '10');
insert into Cliente (idCliente, morada, nome, DOB, idade, genero, Filial_idFilial) values (27, '48 Havey Park', 'Benyamin Rentoul', '1985-10-14', 35, 'M', '10');
insert into Cliente (idCliente, morada, nome, DOB, idade, genero, Filial_idFilial) values (28, '844 Village Green Alley', 'Cherin Kidsley', '1981-12-25', 39, 'F', '9');
insert into Cliente (idCliente, morada, nome, DOB, idade, genero, Filial_idFilial) values (29, '074 Lakeland Way', 'Jemie Slainey', '2010-12-29', 10, 'F', '10');
insert into Cliente (idCliente, morada, nome, DOB, idade, genero, Filial_idFilial) values (30, '845 David Park', 'Melisenda O''Flynn', '2009-06-17', 12, 'F', '7');
insert into Cliente (idCliente, morada, nome, DOB, idade, genero, Filial_idFilial) values (31, '035 Calypso Terrace', 'Maurise Eyrl', '1990-03-20', 31, 'F', '9');
insert into Cliente (idCliente, morada, nome, DOB, idade, genero, Filial_idFilial) values (32, '40 Sloan Crossing', 'Ralph Somerled', '1991-05-27', 30, 'M', '10');
insert into Cliente (idCliente, morada, nome, DOB, idade, genero, Filial_idFilial) values (33, '32 American Avenue', 'Donnell O''Garmen', '1996-10-19', 24, 'M', '8');
insert into Cliente (idCliente, morada, nome, DOB, idade, genero, Filial_idFilial) values (34, '67326 Nobel Drive', 'Ileane Stonebanks', '1952-07-08', 69, 'F', '8');
insert into Cliente (idCliente, morada, nome, DOB, idade, genero, Filial_idFilial) values (35, '114 Oxford Trail', 'Bethena Limeburn', '2004-09-18', 16, 'F', '10');
insert into Cliente (idCliente, morada, nome, DOB, idade, genero, Filial_idFilial) values (36, '5 Kenwood Alley', 'Abbey Gillings', '2000-11-20', 20, 'M', '6');
insert into Cliente (idCliente, morada, nome, DOB, idade, genero, Filial_idFilial) values (37, '9703 Fairview Pass', 'Lefty Petrushkevich', '2005-01-07', 16, 'M', '9');
insert into Cliente (idCliente, morada, nome, DOB, idade, genero, Filial_idFilial) values (38, '5 Haas Circle', 'Karlyn Mc Trusty', '1970-01-04', 51, 'F', '8');
insert into Cliente (idCliente, morada, nome, DOB, idade, genero, Filial_idFilial) values (39, '1 Chive Way', 'Filip Duffield', '1981-09-30', 39, 'M', '10');
insert into Cliente (idCliente, morada, nome, DOB, idade, genero, Filial_idFilial) values (40, '28 Eliot Trail', 'Gale Voice', '1952-05-13', 69, 'M', '10');
insert into Cliente (idCliente, morada, nome, DOB, idade, genero, Filial_idFilial) values (41, '79 Corben Court', 'Hammad Bramstom', '1988-05-06', 33, 'M', '10');
insert into Cliente (idCliente, morada, nome, DOB, idade, genero, Filial_idFilial) values (42, '0 Cascade Place', 'Tymon Synder', '1988-07-15', 32, 'M', '8');
insert into Cliente (idCliente, morada, nome, DOB, idade, genero, Filial_idFilial) values (43, '06821 Texas Street', 'Had Jolly', '1959-11-12', 61, 'M', '10');
insert into Cliente (idCliente, morada, nome, DOB, idade, genero, Filial_idFilial) values (44, '7 Erie Crossing', 'Keane Evitt', '1964-08-18', 56, 'M', '10');
insert into Cliente (idCliente, morada, nome, DOB, idade, genero, Filial_idFilial) values (45, '8 Charing Cross Center', 'Marylinda Guthrum', '1957-11-17', 63, 'F', '10');
insert into Cliente (idCliente, morada, nome, DOB, idade, genero, Filial_idFilial) values (46, '30778 Butternut Alley', 'Leta Rimmington', '1970-02-03', 51, 'F', '7');
insert into Cliente (idCliente, morada, nome, DOB, idade, genero, Filial_idFilial) values (47, '4 Corry Court', 'Clemens Yu', '2005-11-18', 15, 'M', '10');
insert into Cliente (idCliente, morada, nome, DOB, idade, genero, Filial_idFilial) values (48, '1875 1st Pass', 'Vitia Epperson', '1946-07-14', 75, 'F', '9');
insert into Cliente (idCliente, morada, nome, DOB, idade, genero, Filial_idFilial) values (49, '80344 Clemons Street', 'Kali Cowley', '1995-11-22', 25, 'F', '8');
insert into Cliente (idCliente, morada, nome, DOB, idade, genero, Filial_idFilial) values (50, '69301 Bartillon Junction', 'Ava Penwright', '1951-09-30', 69, 'F', '9');
insert into Cliente (idCliente, morada, nome, DOB, idade, genero, Filial_idFilial) values (51, '51 Anzinger Trail', 'Neddy Leicester', '1945-01-14', 76, 'M', '10');
insert into Cliente (idCliente, morada, nome, DOB, idade, genero, Filial_idFilial) values (52, '20738 Fairfield Lane', 'Vitia Phoebe', '1998-01-21', 23, 'F', '10');
insert into Cliente (idCliente, morada, nome, DOB, idade, genero, Filial_idFilial) values (53, '13228 Hauk Parkway', 'Petronille Larrington', '1979-01-26', 42, 'F', '9');
insert into Cliente (idCliente, morada, nome, DOB, idade, genero, Filial_idFilial) values (54, '69 Sunnyside Drive', 'Linnet Pinckard', '1950-02-26', 71, 'F', '10');
insert into Cliente (idCliente, morada, nome, DOB, idade, genero, Filial_idFilial) values (55, '47229 Corben Point', 'Ellyn Swaysland', '2004-09-07', 16, 'F', '10');
insert into Cliente (idCliente, morada, nome, DOB, idade, genero, Filial_idFilial) values (56, '4070 Kensington Place', 'Win Revelle', '1978-01-08', 43, 'M', '10');
insert into Cliente (idCliente, morada, nome, DOB, idade, genero, Filial_idFilial) values (57, '0517 Melrose Crossing', 'Pammy Cassely', '1971-01-14', 50, 'F', '9');
insert into Cliente (idCliente, morada, nome, DOB, idade, genero, Filial_idFilial) values (58, '96316 Springs Pass', 'Drusilla Eastabrook', '1974-07-23', 46, 'F', '8');
insert into Cliente (idCliente, morada, nome, DOB, idade, genero, Filial_idFilial) values (59, '8 Village Court', 'Deina Malley', '1952-08-21', 68, 'F', '10');
insert into Cliente (idCliente, morada, nome, DOB, idade, genero, Filial_idFilial) values (60, '34981 Meadow Vale Junction', 'Way Witcomb', '1974-06-01', 47, 'M', '10');
insert into Cliente (idCliente, morada, nome, DOB, idade, genero, Filial_idFilial) values (61, '89619 Londonderry Alley', 'Kipp Avison', '1985-07-26', 35, 'M', '8');
insert into Cliente (idCliente, morada, nome, DOB, idade, genero, Filial_idFilial) values (62, '77 Dixon Hill', 'Zarla Woodfin', '1951-01-27', 70, 'F', '8');
insert into Cliente (idCliente, morada, nome, DOB, idade, genero, Filial_idFilial) values (63, '9886 Ridgeview Park', 'Frederik Flohard', '1983-06-19', 38, 'M', '10');
insert into Cliente (idCliente, morada, nome, DOB, idade, genero, Filial_idFilial) values (64, '7 Annamark Road', 'Henryetta Fettiplace', '1945-01-05', 76, 'F', '9');
insert into Cliente (idCliente, morada, nome, DOB, idade, genero, Filial_idFilial) values (65, '67665 Quincy Court', 'Cami Bratty', '1998-03-07', 23, 'F', '7');
insert into Cliente (idCliente, morada, nome, DOB, idade, genero, Filial_idFilial) values (66, '96 Moose Plaza', 'Rea Burgan', '1984-06-03', 37, 'F', '9');
insert into Cliente (idCliente, morada, nome, DOB, idade, genero, Filial_idFilial) values (67, '628 Ronald Regan Street', 'Randall Palmer', '2005-08-29', 15, 'M', '10');
insert into Cliente (idCliente, morada, nome, DOB, idade, genero, Filial_idFilial) values (68, '0 Redwing Park', 'Justin Cockerill', '1983-04-18', 38, 'M', '10');
insert into Cliente (idCliente, morada, nome, DOB, idade, genero, Filial_idFilial) values (69, '44359 Namekagon Drive', 'Stevena Jurgensen', '1946-06-25', 75, 'F', '7');
insert into Cliente (idCliente, morada, nome, DOB, idade, genero, Filial_idFilial) values (70, '8 Arapahoe Street', 'Jude Hannis', '1953-01-31', 68, 'M', '9');
insert into Cliente (idCliente, morada, nome, DOB, idade, genero, Filial_idFilial) values (71, '92 Nova Road', 'Temp Reimer', '1988-11-12', 32, 'M', '9');
insert into Cliente (idCliente, morada, nome, DOB, idade, genero, Filial_idFilial) values (72, '09170 Almo Lane', 'Arv Bounde', '2008-01-20', 13, 'M', '10');
insert into Cliente (idCliente, morada, nome, DOB, idade, genero, Filial_idFilial) values (73, '1707 Laurel Point', 'Dix McIlharga', '1971-04-19', 50, 'F', '10');
insert into Cliente (idCliente, morada, nome, DOB, idade, genero, Filial_idFilial) values (74, '742 Sullivan Drive', 'Kylie Collings', '1987-10-21', 33, 'M', '6');
insert into Cliente (idCliente, morada, nome, DOB, idade, genero, Filial_idFilial) values (75, '267 Old Shore Terrace', 'Dalston Seyffert', '1976-09-21', 44, 'M', '8');
insert into Cliente (idCliente, morada, nome, DOB, idade, genero, Filial_idFilial) values (76, '7287 Mitchell Plaza', 'Leena Danett', '1989-08-14', 31, 'F', '9');
insert into Cliente (idCliente, morada, nome, DOB, idade, genero, Filial_idFilial) values (77, '9038 Gerald Trail', 'Quentin Verralls', '1996-09-06', 24, 'F', '10');
insert into Cliente (idCliente, morada, nome, DOB, idade, genero, Filial_idFilial) values (78, '00868 Northport Junction', 'Chester Weatherhogg', '1978-11-27', 42, 'M', '9');
insert into Cliente (idCliente, morada, nome, DOB, idade, genero, Filial_idFilial) values (79, '9 Sunnyside Park', 'Peyton Kobiera', '1972-10-25', 48, 'M', '7');
insert into Cliente (idCliente, morada, nome, DOB, idade, genero, Filial_idFilial) values (80, '22234 Longview Terrace', 'Izzy Scones', '1977-11-15', 43, 'M', '9');
insert into Cliente (idCliente, morada, nome, DOB, idade, genero, Filial_idFilial) values (81, '7390 Mccormick Street', 'Zacharie Nystrom', '1964-05-17', 57, 'M', '9');
insert into Cliente (idCliente, morada, nome, DOB, idade, genero, Filial_idFilial) values (82, '6 Kedzie Hill', 'Janifer Sivell', '1996-09-26', 24, 'F', '5');
insert into Cliente (idCliente, morada, nome, DOB, idade, genero, Filial_idFilial) values (83, '7546 Esch Street', 'Shandie Kerwick', '2006-03-08', 15, 'F', '6');
insert into Cliente (idCliente, morada, nome, DOB, idade, genero, Filial_idFilial) values (84, '2 Logan Avenue', 'Melinda Sermin', '1991-12-22', 29, 'F', '6');
insert into Cliente (idCliente, morada, nome, DOB, idade, genero, Filial_idFilial) values (85, '63 Truax Street', 'Candi Cutill', '1963-03-31', 58, 'F', '7');
insert into Cliente (idCliente, morada, nome, DOB, idade, genero, Filial_idFilial) values (86, '1 Springs Circle', 'Ardyth Mellanby', '1977-11-13', 43, 'F', '10');
insert into Cliente (idCliente, morada, nome, DOB, idade, genero, Filial_idFilial) values (87, '39778 Hallows Lane', 'Garrott Paolillo', '1954-07-19', 67, 'M', '8');
insert into Cliente (idCliente, morada, nome, DOB, idade, genero, Filial_idFilial) values (88, '12 Badeau Court', 'Norean Woodwind', '1983-07-02', 38, 'F', '10');
insert into Cliente (idCliente, morada, nome, DOB, idade, genero, Filial_idFilial) values (89, '09 Rieder Circle', 'Darwin Rosson', '1977-12-29', 43, 'M', '8');
insert into Cliente (idCliente, morada, nome, DOB, idade, genero, Filial_idFilial) values (90, '31779 Buena Vista Junction', 'Theobald Godspede', '1993-08-30', 27, 'M', '6');
insert into Cliente (idCliente, morada, nome, DOB, idade, genero, Filial_idFilial) values (91, '2629 Heffernan Plaza', 'Beatriz Robard', '1967-09-02', 53, 'F', '10');
insert into Cliente (idCliente, morada, nome, DOB, idade, genero, Filial_idFilial) values (92, '2 Superior Plaza', 'Athene Georgius', '2001-03-07', 20, 'F', '9');
insert into Cliente (idCliente, morada, nome, DOB, idade, genero, Filial_idFilial) values (93, '2416 Sauthoff Pass', 'Gerladina Surphliss', '1960-02-25', 61, 'F', '9');
insert into Cliente (idCliente, morada, nome, DOB, idade, genero, Filial_idFilial) values (94, '06466 Talmadge Center', 'Sinclair Klimpt', '2009-08-06', 11, 'M', '9');
insert into Cliente (idCliente, morada, nome, DOB, idade, genero, Filial_idFilial) values (95, '98627 Homewood Avenue', 'Damaris Manville', '1996-09-23', 24, 'F', '9');
insert into Cliente (idCliente, morada, nome, DOB, idade, genero, Filial_idFilial) values (96, '2 Valley Edge Drive', 'Hildy Bleythin', '1975-08-25', 45, 'F', '8');
insert into Cliente (idCliente, morada, nome, DOB, idade, genero, Filial_idFilial) values (97, '6483 Rieder Terrace', 'Deck Portam', '1982-05-19', 39, 'M', '9');
insert into Cliente (idCliente, morada, nome, DOB, idade, genero, Filial_idFilial) values (98, '86 Eastwood Court', 'Xavier Signori', '1941-07-11', 80, 'M', '10');
insert into Cliente (idCliente, morada, nome, DOB, idade, genero, Filial_idFilial) values (99, '0 Magdeline Hill', 'Hamnet Chomicki', '1965-10-26', 55, 'M', '7');
insert into Cliente (idCliente, morada, nome, DOB, idade, genero, Filial_idFilial) values (100, '28 Lukken Way', 'Suellen Hubane', '1981-02-28', 40, 'F', '9');

insert into Consulta (idConsulta, data, Massagista_idMassagista, Cliente_idCliente) values (1, '2020-07-06', 19, 34);
insert into Consulta (idConsulta, data, Massagista_idMassagista, Cliente_idCliente) values (2, '2020-05-27', 9, 46);
insert into Consulta (idConsulta, data, Massagista_idMassagista, Cliente_idCliente) values (3, '2020-12-19', 60, 85);
insert into Consulta (idConsulta, data, Massagista_idMassagista, Cliente_idCliente) values (4, '2020-05-21', 16, 77);
insert into Consulta (idConsulta, data, Massagista_idMassagista, Cliente_idCliente) values (5, '2020-11-20', 50, 27);
insert into Consulta (idConsulta, data, Massagista_idMassagista, Cliente_idCliente) values (6, '2020-12-08', 62, 74);
insert into Consulta (idConsulta, data, Massagista_idMassagista, Cliente_idCliente) values (7, '2020-06-07', 49, 61);
insert into Consulta (idConsulta, data, Massagista_idMassagista, Cliente_idCliente) values (8, '2020-10-29', 41, 67);
insert into Consulta (idConsulta, data, Massagista_idMassagista, Cliente_idCliente) values (9, '2020-08-31', 30, 41);
insert into Consulta (idConsulta, data, Massagista_idMassagista, Cliente_idCliente) values (10, '2020-07-18', 31, 97);
insert into Consulta (idConsulta, data, Massagista_idMassagista, Cliente_idCliente) values (11, '2020-11-14', 28, 100);
insert into Consulta (idConsulta, data, Massagista_idMassagista, Cliente_idCliente) values (12, '2020-05-28', 50, 17);
insert into Consulta (idConsulta, data, Massagista_idMassagista, Cliente_idCliente) values (13, '2020-02-11', 7, 84);
insert into Consulta (idConsulta, data, Massagista_idMassagista, Cliente_idCliente) values (14, '2020-04-20', 31, 2);
insert into Consulta (idConsulta, data, Massagista_idMassagista, Cliente_idCliente) values (15, '2020-08-10', 31, 77);
insert into Consulta (idConsulta, data, Massagista_idMassagista, Cliente_idCliente) values (16, '2020-10-26', 57, 87);
insert into Consulta (idConsulta, data, Massagista_idMassagista, Cliente_idCliente) values (17, '2020-07-14', 7, 6);
insert into Consulta (idConsulta, data, Massagista_idMassagista, Cliente_idCliente) values (18, '2020-06-07', 33, 68);
insert into Consulta (idConsulta, data, Massagista_idMassagista, Cliente_idCliente) values (19, '2020-06-16', 11, 88);
insert into Consulta (idConsulta, data, Massagista_idMassagista, Cliente_idCliente) values (20, '2020-02-05', 43, 80);
insert into Consulta (idConsulta, data, Massagista_idMassagista, Cliente_idCliente) values (21, '2020-07-15', 43, 28);
insert into Consulta (idConsulta, data, Massagista_idMassagista, Cliente_idCliente) values (22, '2020-09-29', 47, 58);
insert into Consulta (idConsulta, data, Massagista_idMassagista, Cliente_idCliente) values (23, '2020-05-13', 37, 89);
insert into Consulta (idConsulta, data, Massagista_idMassagista, Cliente_idCliente) values (24, '2020-02-25', 21, 48);
insert into Consulta (idConsulta, data, Massagista_idMassagista, Cliente_idCliente) values (25, '2020-01-13', 38, 62);
insert into Consulta (idConsulta, data, Massagista_idMassagista, Cliente_idCliente) values (26, '2020-12-19', 60, 7);
insert into Consulta (idConsulta, data, Massagista_idMassagista, Cliente_idCliente) values (27, '2020-06-06', 22, 41);
insert into Consulta (idConsulta, data, Massagista_idMassagista, Cliente_idCliente) values (28, '2020-04-07', 61, 78);
insert into Consulta (idConsulta, data, Massagista_idMassagista, Cliente_idCliente) values (29, '2020-03-19', 24, 71);
insert into Consulta (idConsulta, data, Massagista_idMassagista, Cliente_idCliente) values (30, '2020-04-02', 56, 53);
insert into Consulta (idConsulta, data, Massagista_idMassagista, Cliente_idCliente) values (31, '2020-11-01', 14, 51);
insert into Consulta (idConsulta, data, Massagista_idMassagista, Cliente_idCliente) values (32, '2020-10-23', 27, 68);
insert into Consulta (idConsulta, data, Massagista_idMassagista, Cliente_idCliente) values (33, '2020-04-05', 57, 89);
insert into Consulta (idConsulta, data, Massagista_idMassagista, Cliente_idCliente) values (34, '2020-06-30', 6, 47);
insert into Consulta (idConsulta, data, Massagista_idMassagista, Cliente_idCliente) values (35, '2020-02-21', 26, 82);
insert into Consulta (idConsulta, data, Massagista_idMassagista, Cliente_idCliente) values (36, '2020-06-05', 25, 41);
insert into Consulta (idConsulta, data, Massagista_idMassagista, Cliente_idCliente) values (37, '2020-06-22', 59, 2);
insert into Consulta (idConsulta, data, Massagista_idMassagista, Cliente_idCliente) values (38, '2020-07-11', 62, 78);
insert into Consulta (idConsulta, data, Massagista_idMassagista, Cliente_idCliente) values (39, '2020-11-03', 1, 81);
insert into Consulta (idConsulta, data, Massagista_idMassagista, Cliente_idCliente) values (40, '2020-03-18', 53, 28);
insert into Consulta (idConsulta, data, Massagista_idMassagista, Cliente_idCliente) values (41, '2020-02-11', 10, 17);
insert into Consulta (idConsulta, data, Massagista_idMassagista, Cliente_idCliente) values (42, '2020-07-09', 33, 75);
insert into Consulta (idConsulta, data, Massagista_idMassagista, Cliente_idCliente) values (43, '2020-10-21', 4, 77);
insert into Consulta (idConsulta, data, Massagista_idMassagista, Cliente_idCliente) values (44, '2020-09-07', 36, 48);
insert into Consulta (idConsulta, data, Massagista_idMassagista, Cliente_idCliente) values (45, '2020-06-02', 39, 44);
insert into Consulta (idConsulta, data, Massagista_idMassagista, Cliente_idCliente) values (46, '2020-11-27', 53, 51);
insert into Consulta (idConsulta, data, Massagista_idMassagista, Cliente_idCliente) values (47, '2020-08-25', 23, 8);
insert into Consulta (idConsulta, data, Massagista_idMassagista, Cliente_idCliente) values (48, '2020-08-13', 59, 49);
insert into Consulta (idConsulta, data, Massagista_idMassagista, Cliente_idCliente) values (49, '2020-06-24', 31, 41);
insert into Consulta (idConsulta, data, Massagista_idMassagista, Cliente_idCliente) values (50, '2020-01-19', 46, 13);
insert into Consulta (idConsulta, data, Massagista_idMassagista, Cliente_idCliente) values (51, '2020-05-09', 27, 93);
insert into Consulta (idConsulta, data, Massagista_idMassagista, Cliente_idCliente) values (52, '2020-10-30', 36, 67);
insert into Consulta (idConsulta, data, Massagista_idMassagista, Cliente_idCliente) values (53, '2020-01-19', 57, 4);
insert into Consulta (idConsulta, data, Massagista_idMassagista, Cliente_idCliente) values (54, '2020-02-21', 4, 70);
insert into Consulta (idConsulta, data, Massagista_idMassagista, Cliente_idCliente) values (55, '2020-03-24', 28, 29);
insert into Consulta (idConsulta, data, Massagista_idMassagista, Cliente_idCliente) values (56, '2020-03-21', 19, 61);
insert into Consulta (idConsulta, data, Massagista_idMassagista, Cliente_idCliente) values (57, '2020-07-09', 64, 66);
insert into Consulta (idConsulta, data, Massagista_idMassagista, Cliente_idCliente) values (58, '2020-05-20', 27, 34);
insert into Consulta (idConsulta, data, Massagista_idMassagista, Cliente_idCliente) values (59, '2020-10-27', 51, 40);
insert into Consulta (idConsulta, data, Massagista_idMassagista, Cliente_idCliente) values (60, '2020-03-10', 8, 24);
insert into Consulta (idConsulta, data, Massagista_idMassagista, Cliente_idCliente) values (61, '2020-07-27', 56, 29);
insert into Consulta (idConsulta, data, Massagista_idMassagista, Cliente_idCliente) values (62, '2020-07-24', 38, 50);
insert into Consulta (idConsulta, data, Massagista_idMassagista, Cliente_idCliente) values (63, '2020-02-21', 65, 88);
insert into Consulta (idConsulta, data, Massagista_idMassagista, Cliente_idCliente) values (64, '2020-04-16', 9, 48);
insert into Consulta (idConsulta, data, Massagista_idMassagista, Cliente_idCliente) values (65, '2020-05-30', 13, 8);
insert into Consulta (idConsulta, data, Massagista_idMassagista, Cliente_idCliente) values (66, '2020-10-12', 46, 3);
insert into Consulta (idConsulta, data, Massagista_idMassagista, Cliente_idCliente) values (67, '2020-11-14', 64, 68);
insert into Consulta (idConsulta, data, Massagista_idMassagista, Cliente_idCliente) values (68, '2020-06-17', 5, 64);
insert into Consulta (idConsulta, data, Massagista_idMassagista, Cliente_idCliente) values (69, '2020-12-29', 32, 29);
insert into Consulta (idConsulta, data, Massagista_idMassagista, Cliente_idCliente) values (70, '2020-06-24', 64, 25);
insert into Consulta (idConsulta, data, Massagista_idMassagista, Cliente_idCliente) values (71, '2020-10-12', 6, 27);
insert into Consulta (idConsulta, data, Massagista_idMassagista, Cliente_idCliente) values (72, '2020-11-03', 11, 21);
insert into Consulta (idConsulta, data, Massagista_idMassagista, Cliente_idCliente) values (73, '2020-10-02', 57, 66);
insert into Consulta (idConsulta, data, Massagista_idMassagista, Cliente_idCliente) values (74, '2020-04-17', 24, 58);
insert into Consulta (idConsulta, data, Massagista_idMassagista, Cliente_idCliente) values (75, '2020-06-23', 54, 46);
insert into Consulta (idConsulta, data, Massagista_idMassagista, Cliente_idCliente) values (76, '2020-11-01', 11, 91);
insert into Consulta (idConsulta, data, Massagista_idMassagista, Cliente_idCliente) values (77, '2020-04-16', 29, 96);
insert into Consulta (idConsulta, data, Massagista_idMassagista, Cliente_idCliente) values (78, '2020-02-04', 54, 51);
insert into Consulta (idConsulta, data, Massagista_idMassagista, Cliente_idCliente) values (79, '2020-03-21', 55, 28);
insert into Consulta (idConsulta, data, Massagista_idMassagista, Cliente_idCliente) values (80, '2020-03-31', 60, 61);
insert into Consulta (idConsulta, data, Massagista_idMassagista, Cliente_idCliente) values (81, '2020-04-03', 2, 90);
insert into Consulta (idConsulta, data, Massagista_idMassagista, Cliente_idCliente) values (82, '2020-09-10', 59, 70);
insert into Consulta (idConsulta, data, Massagista_idMassagista, Cliente_idCliente) values (83, '2020-07-27', 55, 1);
insert into Consulta (idConsulta, data, Massagista_idMassagista, Cliente_idCliente) values (84, '2020-12-25', 36, 80);
insert into Consulta (idConsulta, data, Massagista_idMassagista, Cliente_idCliente) values (85, '2020-02-13', 53, 96);
insert into Consulta (idConsulta, data, Massagista_idMassagista, Cliente_idCliente) values (86, '2020-09-06', 59, 88);
insert into Consulta (idConsulta, data, Massagista_idMassagista, Cliente_idCliente) values (87, '2020-12-06', 34, 10);
insert into Consulta (idConsulta, data, Massagista_idMassagista, Cliente_idCliente) values (88, '2020-05-21', 7, 95);
insert into Consulta (idConsulta, data, Massagista_idMassagista, Cliente_idCliente) values (89, '2020-05-20', 35, 11);
insert into Consulta (idConsulta, data, Massagista_idMassagista, Cliente_idCliente) values (90, '2020-01-10', 12, 65);
insert into Consulta (idConsulta, data, Massagista_idMassagista, Cliente_idCliente) values (91, '2020-02-06', 35, 29);
insert into Consulta (idConsulta, data, Massagista_idMassagista, Cliente_idCliente) values (92, '2020-11-20', 59, 19);
insert into Consulta (idConsulta, data, Massagista_idMassagista, Cliente_idCliente) values (93, '2020-09-13', 48, 41);
insert into Consulta (idConsulta, data, Massagista_idMassagista, Cliente_idCliente) values (94, '2020-01-21', 50, 70);
insert into Consulta (idConsulta, data, Massagista_idMassagista, Cliente_idCliente) values (95, '2020-01-12', 57, 36);
insert into Consulta (idConsulta, data, Massagista_idMassagista, Cliente_idCliente) values (96, '2020-11-14', 30, 78);
insert into Consulta (idConsulta, data, Massagista_idMassagista, Cliente_idCliente) values (97, '2020-06-09', 9, 31);
insert into Consulta (idConsulta, data, Massagista_idMassagista, Cliente_idCliente) values (98, '2020-11-19', 62, 37);
insert into Consulta (idConsulta, data, Massagista_idMassagista, Cliente_idCliente) values (99, '2020-12-03', 44, 70);
insert into Consulta (idConsulta, data, Massagista_idMassagista, Cliente_idCliente) values (100, '2020-03-05', 56, 22);
insert into Consulta (idConsulta, data, Massagista_idMassagista, Cliente_idCliente) values (101, '2020-05-14', 37, 27);
insert into Consulta (idConsulta, data, Massagista_idMassagista, Cliente_idCliente) values (102, '2020-05-09', 6, 68);
insert into Consulta (idConsulta, data, Massagista_idMassagista, Cliente_idCliente) values (103, '2020-02-10', 41, 99);
insert into Consulta (idConsulta, data, Massagista_idMassagista, Cliente_idCliente) values (104, '2020-02-01', 34, 47);
insert into Consulta (idConsulta, data, Massagista_idMassagista, Cliente_idCliente) values (105, '2020-08-13', 24, 76);
insert into Consulta (idConsulta, data, Massagista_idMassagista, Cliente_idCliente) values (106, '2020-01-08', 23, 57);
insert into Consulta (idConsulta, data, Massagista_idMassagista, Cliente_idCliente) values (107, '2020-04-17', 4, 75);
insert into Consulta (idConsulta, data, Massagista_idMassagista, Cliente_idCliente) values (108, '2020-06-15', 35, 92);
insert into Consulta (idConsulta, data, Massagista_idMassagista, Cliente_idCliente) values (109, '2020-12-13', 5, 23);
insert into Consulta (idConsulta, data, Massagista_idMassagista, Cliente_idCliente) values (110, '2020-07-12', 22, 30);
insert into Consulta (idConsulta, data, Massagista_idMassagista, Cliente_idCliente) values (111, '2020-04-22', 6, 64);
insert into Consulta (idConsulta, data, Massagista_idMassagista, Cliente_idCliente) values (112, '2020-09-05', 30, 86);
insert into Consulta (idConsulta, data, Massagista_idMassagista, Cliente_idCliente) values (113, '2020-04-13', 26, 16);
insert into Consulta (idConsulta, data, Massagista_idMassagista, Cliente_idCliente) values (114, '2020-10-28', 39, 31);
insert into Consulta (idConsulta, data, Massagista_idMassagista, Cliente_idCliente) values (115, '2020-02-29', 24, 23);
insert into Consulta (idConsulta, data, Massagista_idMassagista, Cliente_idCliente) values (116, '2020-07-21', 21, 38);
insert into Consulta (idConsulta, data, Massagista_idMassagista, Cliente_idCliente) values (117, '2020-10-09', 8, 66);
insert into Consulta (idConsulta, data, Massagista_idMassagista, Cliente_idCliente) values (118, '2020-02-03', 7, 5);
insert into Consulta (idConsulta, data, Massagista_idMassagista, Cliente_idCliente) values (119, '2020-10-17', 58, 19);
insert into Consulta (idConsulta, data, Massagista_idMassagista, Cliente_idCliente) values (120, '2020-03-17', 42, 38);
insert into Consulta (idConsulta, data, Massagista_idMassagista, Cliente_idCliente) values (121, '2020-01-19', 60, 21);
insert into Consulta (idConsulta, data, Massagista_idMassagista, Cliente_idCliente) values (122, '2020-06-12', 25, 8);
insert into Consulta (idConsulta, data, Massagista_idMassagista, Cliente_idCliente) values (123, '2020-08-07', 29, 27);
insert into Consulta (idConsulta, data, Massagista_idMassagista, Cliente_idCliente) values (124, '2020-05-08', 61, 74);
insert into Consulta (idConsulta, data, Massagista_idMassagista, Cliente_idCliente) values (125, '2020-09-06', 56, 10);
insert into Consulta (idConsulta, data, Massagista_idMassagista, Cliente_idCliente) values (126, '2020-12-10', 19, 53);
insert into Consulta (idConsulta, data, Massagista_idMassagista, Cliente_idCliente) values (127, '2020-09-15', 45, 66);
insert into Consulta (idConsulta, data, Massagista_idMassagista, Cliente_idCliente) values (128, '2020-02-29', 51, 30);
insert into Consulta (idConsulta, data, Massagista_idMassagista, Cliente_idCliente) values (129, '2020-12-22', 27, 12);
insert into Consulta (idConsulta, data, Massagista_idMassagista, Cliente_idCliente) values (130, '2020-05-14', 53, 9);
insert into Consulta (idConsulta, data, Massagista_idMassagista, Cliente_idCliente) values (131, '2020-09-20', 32, 27);
insert into Consulta (idConsulta, data, Massagista_idMassagista, Cliente_idCliente) values (132, '2020-10-11', 24, 76);
insert into Consulta (idConsulta, data, Massagista_idMassagista, Cliente_idCliente) values (133, '2020-06-08', 5, 98);
insert into Consulta (idConsulta, data, Massagista_idMassagista, Cliente_idCliente) values (134, '2020-11-28', 24, 47);
insert into Consulta (idConsulta, data, Massagista_idMassagista, Cliente_idCliente) values (135, '2020-01-21', 12, 70);
insert into Consulta (idConsulta, data, Massagista_idMassagista, Cliente_idCliente) values (136, '2020-11-05', 17, 76);
insert into Consulta (idConsulta, data, Massagista_idMassagista, Cliente_idCliente) values (137, '2020-07-18', 12, 34);
insert into Consulta (idConsulta, data, Massagista_idMassagista, Cliente_idCliente) values (138, '2020-06-20', 39, 23);
insert into Consulta (idConsulta, data, Massagista_idMassagista, Cliente_idCliente) values (139, '2020-09-30', 5, 79);
insert into Consulta (idConsulta, data, Massagista_idMassagista, Cliente_idCliente) values (140, '2020-05-27', 47, 2);
insert into Consulta (idConsulta, data, Massagista_idMassagista, Cliente_idCliente) values (141, '2020-01-29', 57, 71);
insert into Consulta (idConsulta, data, Massagista_idMassagista, Cliente_idCliente) values (142, '2020-10-16', 64, 64);
insert into Consulta (idConsulta, data, Massagista_idMassagista, Cliente_idCliente) values (143, '2020-09-30', 10, 21);
insert into Consulta (idConsulta, data, Massagista_idMassagista, Cliente_idCliente) values (144, '2020-06-21', 14, 68);
insert into Consulta (idConsulta, data, Massagista_idMassagista, Cliente_idCliente) values (145, '2020-02-24', 20, 50);
insert into Consulta (idConsulta, data, Massagista_idMassagista, Cliente_idCliente) values (146, '2020-04-10', 42, 98);
insert into Consulta (idConsulta, data, Massagista_idMassagista, Cliente_idCliente) values (147, '2020-09-11', 21, 73);
insert into Consulta (idConsulta, data, Massagista_idMassagista, Cliente_idCliente) values (148, '2020-02-26', 42, 13);
insert into Consulta (idConsulta, data, Massagista_idMassagista, Cliente_idCliente) values (149, '2020-03-15', 40, 87);
insert into Consulta (idConsulta, data, Massagista_idMassagista, Cliente_idCliente) values (150, '2020-03-27', 51, 8);
insert into Consulta (idConsulta, data, Massagista_idMassagista, Cliente_idCliente) values (151, '2020-01-13', 2, 88);
insert into Consulta (idConsulta, data, Massagista_idMassagista, Cliente_idCliente) values (152, '2020-05-12', 28, 75);
insert into Consulta (idConsulta, data, Massagista_idMassagista, Cliente_idCliente) values (153, '2020-10-12', 20, 77);
insert into Consulta (idConsulta, data, Massagista_idMassagista, Cliente_idCliente) values (154, '2020-02-15', 44, 94);
insert into Consulta (idConsulta, data, Massagista_idMassagista, Cliente_idCliente) values (155, '2020-04-26', 19, 37);
insert into Consulta (idConsulta, data, Massagista_idMassagista, Cliente_idCliente) values (156, '2020-10-11', 20, 24);
insert into Consulta (idConsulta, data, Massagista_idMassagista, Cliente_idCliente) values (157, '2020-04-23', 5, 49);
insert into Consulta (idConsulta, data, Massagista_idMassagista, Cliente_idCliente) values (158, '2020-05-28', 40, 21);
insert into Consulta (idConsulta, data, Massagista_idMassagista, Cliente_idCliente) values (159, '2020-11-13', 42, 62);
insert into Consulta (idConsulta, data, Massagista_idMassagista, Cliente_idCliente) values (160, '2020-12-21', 45, 14);
insert into Consulta (idConsulta, data, Massagista_idMassagista, Cliente_idCliente) values (161, '2020-04-18', 32, 28);
insert into Consulta (idConsulta, data, Massagista_idMassagista, Cliente_idCliente) values (162, '2020-03-19', 1, 89);
insert into Consulta (idConsulta, data, Massagista_idMassagista, Cliente_idCliente) values (163, '2020-08-31', 65, 70);
insert into Consulta (idConsulta, data, Massagista_idMassagista, Cliente_idCliente) values (164, '2020-03-21', 11, 6);
insert into Consulta (idConsulta, data, Massagista_idMassagista, Cliente_idCliente) values (165, '2020-04-30', 48, 100);
insert into Consulta (idConsulta, data, Massagista_idMassagista, Cliente_idCliente) values (166, '2020-02-16', 42, 62);
insert into Consulta (idConsulta, data, Massagista_idMassagista, Cliente_idCliente) values (167, '2020-07-14', 50, 88);
insert into Consulta (idConsulta, data, Massagista_idMassagista, Cliente_idCliente) values (168, '2020-02-25', 18, 96);
insert into Consulta (idConsulta, data, Massagista_idMassagista, Cliente_idCliente) values (169, '2020-10-18', 16, 96);
insert into Consulta (idConsulta, data, Massagista_idMassagista, Cliente_idCliente) values (170, '2020-09-25', 54, 93);
insert into Consulta (idConsulta, data, Massagista_idMassagista, Cliente_idCliente) values (171, '2020-05-12', 43, 99);
insert into Consulta (idConsulta, data, Massagista_idMassagista, Cliente_idCliente) values (172, '2020-12-26', 32, 41);
insert into Consulta (idConsulta, data, Massagista_idMassagista, Cliente_idCliente) values (173, '2020-04-01', 24, 68);
insert into Consulta (idConsulta, data, Massagista_idMassagista, Cliente_idCliente) values (174, '2020-03-27', 27, 91);
insert into Consulta (idConsulta, data, Massagista_idMassagista, Cliente_idCliente) values (175, '2020-03-27', 46, 94);
insert into Consulta (idConsulta, data, Massagista_idMassagista, Cliente_idCliente) values (176, '2020-12-19', 14, 10);
insert into Consulta (idConsulta, data, Massagista_idMassagista, Cliente_idCliente) values (177, '2020-09-08', 17, 85);
insert into Consulta (idConsulta, data, Massagista_idMassagista, Cliente_idCliente) values (178, '2020-09-29', 18, 50);
insert into Consulta (idConsulta, data, Massagista_idMassagista, Cliente_idCliente) values (179, '2020-02-09', 6, 34);
insert into Consulta (idConsulta, data, Massagista_idMassagista, Cliente_idCliente) values (180, '2020-03-26', 34, 1);
insert into Consulta (idConsulta, data, Massagista_idMassagista, Cliente_idCliente) values (181, '2020-04-22', 8, 40);
insert into Consulta (idConsulta, data, Massagista_idMassagista, Cliente_idCliente) values (182, '2020-12-11', 61, 16);
insert into Consulta (idConsulta, data, Massagista_idMassagista, Cliente_idCliente) values (183, '2020-09-08', 42, 36);
insert into Consulta (idConsulta, data, Massagista_idMassagista, Cliente_idCliente) values (184, '2020-03-12', 58, 7);
insert into Consulta (idConsulta, data, Massagista_idMassagista, Cliente_idCliente) values (185, '2020-04-23', 60, 56);
insert into Consulta (idConsulta, data, Massagista_idMassagista, Cliente_idCliente) values (186, '2020-01-23', 17, 69);
insert into Consulta (idConsulta, data, Massagista_idMassagista, Cliente_idCliente) values (187, '2020-06-19', 7, 35);
insert into Consulta (idConsulta, data, Massagista_idMassagista, Cliente_idCliente) values (188, '2020-08-31', 45, 52);
insert into Consulta (idConsulta, data, Massagista_idMassagista, Cliente_idCliente) values (189, '2020-03-09', 5, 11);
insert into Consulta (idConsulta, data, Massagista_idMassagista, Cliente_idCliente) values (190, '2020-07-17', 54, 59);
insert into Consulta (idConsulta, data, Massagista_idMassagista, Cliente_idCliente) values (191, '2020-12-30', 27, 61);
insert into Consulta (idConsulta, data, Massagista_idMassagista, Cliente_idCliente) values (192, '2020-03-06', 21, 62);
insert into Consulta (idConsulta, data, Massagista_idMassagista, Cliente_idCliente) values (193, '2020-10-10', 34, 91);
insert into Consulta (idConsulta, data, Massagista_idMassagista, Cliente_idCliente) values (194, '2020-09-11', 52, 77);
insert into Consulta (idConsulta, data, Massagista_idMassagista, Cliente_idCliente) values (195, '2020-03-07', 57, 62);
insert into Consulta (idConsulta, data, Massagista_idMassagista, Cliente_idCliente) values (196, '2020-10-09', 59, 72);
insert into Consulta (idConsulta, data, Massagista_idMassagista, Cliente_idCliente) values (197, '2020-05-30', 63, 17);
insert into Consulta (idConsulta, data, Massagista_idMassagista, Cliente_idCliente) values (198, '2020-09-17', 15, 68);
insert into Consulta (idConsulta, data, Massagista_idMassagista, Cliente_idCliente) values (199, '2020-02-08', 65, 25);
insert into Consulta (idConsulta, data, Massagista_idMassagista, Cliente_idCliente) values (200, '2020-08-26', 22, 97);

insert into Especializacao (idEspecializacao, area) values (1, 'Arthritis');
insert into Especializacao (idEspecializacao, area) values (2, 'Low back');
insert into Especializacao (idEspecializacao, area) values (3, 'Tendinitis');
insert into Especializacao (idEspecializacao, area) values (4, 'Spine');
insert into Especializacao (idEspecializacao, area) values (5, 'Sport Injuries');

insert into Contacto_cliente (contacto, Cliente_idCliente) values ('130-487-2592', 1);
insert into Contacto_cliente (contacto, Cliente_idCliente) values ('561-488-7697', 2);
insert into Contacto_cliente (contacto, Cliente_idCliente) values ('218-666-6069', 3);
insert into Contacto_cliente (contacto, Cliente_idCliente) values ('735-672-7434', 4);
insert into Contacto_cliente (contacto, Cliente_idCliente) values ('394-201-7352', 5);
insert into Contacto_cliente (contacto, Cliente_idCliente) values ('220-127-3611', 6);
insert into Contacto_cliente (contacto, Cliente_idCliente) values ('565-974-8454', 7);
insert into Contacto_cliente (contacto, Cliente_idCliente) values ('681-732-7091', 8);
insert into Contacto_cliente (contacto, Cliente_idCliente) values ('741-685-4632', 9);
insert into Contacto_cliente (contacto, Cliente_idCliente) values ('957-240-0353', 10);
insert into Contacto_cliente (contacto, Cliente_idCliente) values ('679-228-1652', 11);
insert into Contacto_cliente (contacto, Cliente_idCliente) values ('696-370-9641', 12);
insert into Contacto_cliente (contacto, Cliente_idCliente) values ('681-866-2685', 13);
insert into Contacto_cliente (contacto, Cliente_idCliente) values ('786-532-7194', 14);
insert into Contacto_cliente (contacto, Cliente_idCliente) values ('992-653-6165', 15);
insert into Contacto_cliente (contacto, Cliente_idCliente) values ('242-603-9977', 16);
insert into Contacto_cliente (contacto, Cliente_idCliente) values ('402-875-6876', 17);
insert into Contacto_cliente (contacto, Cliente_idCliente) values ('400-427-0236', 18);
insert into Contacto_cliente (contacto, Cliente_idCliente) values ('385-312-7171', 19);
insert into Contacto_cliente (contacto, Cliente_idCliente) values ('282-774-2634', 20);
insert into Contacto_cliente (contacto, Cliente_idCliente) values ('274-393-1613', 21);
insert into Contacto_cliente (contacto, Cliente_idCliente) values ('280-819-8258', 22);
insert into Contacto_cliente (contacto, Cliente_idCliente) values ('220-548-5815', 23);
insert into Contacto_cliente (contacto, Cliente_idCliente) values ('420-649-7623', 24);
insert into Contacto_cliente (contacto, Cliente_idCliente) values ('607-967-5447', 25);
insert into Contacto_cliente (contacto, Cliente_idCliente) values ('265-531-5631', 26);
insert into Contacto_cliente (contacto, Cliente_idCliente) values ('538-731-5471', 27);
insert into Contacto_cliente (contacto, Cliente_idCliente) values ('703-340-5507', 28);
insert into Contacto_cliente (contacto, Cliente_idCliente) values ('189-647-2481', 29);
insert into Contacto_cliente (contacto, Cliente_idCliente) values ('155-162-4802', 30);
insert into Contacto_cliente (contacto, Cliente_idCliente) values ('338-868-3668', 31);
insert into Contacto_cliente (contacto, Cliente_idCliente) values ('231-309-1096', 32);
insert into Contacto_cliente (contacto, Cliente_idCliente) values ('771-160-1969', 33);
insert into Contacto_cliente (contacto, Cliente_idCliente) values ('529-834-7653', 34);
insert into Contacto_cliente (contacto, Cliente_idCliente) values ('825-543-1653', 35);
insert into Contacto_cliente (contacto, Cliente_idCliente) values ('175-416-1714', 36);
insert into Contacto_cliente (contacto, Cliente_idCliente) values ('505-862-5838', 37);
insert into Contacto_cliente (contacto, Cliente_idCliente) values ('693-171-3285', 38);
insert into Contacto_cliente (contacto, Cliente_idCliente) values ('368-171-8255', 39);
insert into Contacto_cliente (contacto, Cliente_idCliente) values ('709-363-0302', 40);
insert into Contacto_cliente (contacto, Cliente_idCliente) values ('396-826-7372', 41);
insert into Contacto_cliente (contacto, Cliente_idCliente) values ('802-599-8086', 42);
insert into Contacto_cliente (contacto, Cliente_idCliente) values ('807-954-1112', 43);
insert into Contacto_cliente (contacto, Cliente_idCliente) values ('481-447-9004', 44);
insert into Contacto_cliente (contacto, Cliente_idCliente) values ('854-425-6542', 45);
insert into Contacto_cliente (contacto, Cliente_idCliente) values ('771-298-5543', 46);
insert into Contacto_cliente (contacto, Cliente_idCliente) values ('335-655-4550', 47);
insert into Contacto_cliente (contacto, Cliente_idCliente) values ('965-220-6178', 48);
insert into Contacto_cliente (contacto, Cliente_idCliente) values ('846-771-7856', 49);
insert into Contacto_cliente (contacto, Cliente_idCliente) values ('204-206-8004', 50);
insert into Contacto_cliente (contacto, Cliente_idCliente) values ('267-917-9671', 51);
insert into Contacto_cliente (contacto, Cliente_idCliente) values ('996-867-2062', 52);
insert into Contacto_cliente (contacto, Cliente_idCliente) values ('807-674-5214', 53);
insert into Contacto_cliente (contacto, Cliente_idCliente) values ('836-200-3538', 54);
insert into Contacto_cliente (contacto, Cliente_idCliente) values ('365-272-1460', 55);
insert into Contacto_cliente (contacto, Cliente_idCliente) values ('466-357-6439', 56);
insert into Contacto_cliente (contacto, Cliente_idCliente) values ('942-655-5254', 57);
insert into Contacto_cliente (contacto, Cliente_idCliente) values ('360-642-9329', 58);
insert into Contacto_cliente (contacto, Cliente_idCliente) values ('825-667-2935', 59);
insert into Contacto_cliente (contacto, Cliente_idCliente) values ('891-511-4413', 60);
insert into Contacto_cliente (contacto, Cliente_idCliente) values ('811-786-2738', 61);
insert into Contacto_cliente (contacto, Cliente_idCliente) values ('894-914-9425', 62);
insert into Contacto_cliente (contacto, Cliente_idCliente) values ('464-902-6763', 63);
insert into Contacto_cliente (contacto, Cliente_idCliente) values ('406-739-0952', 64);
insert into Contacto_cliente (contacto, Cliente_idCliente) values ('827-762-6602', 65);
insert into Contacto_cliente (contacto, Cliente_idCliente) values ('658-270-7227', 66);
insert into Contacto_cliente (contacto, Cliente_idCliente) values ('982-253-4622', 67);
insert into Contacto_cliente (contacto, Cliente_idCliente) values ('830-439-4272', 68);
insert into Contacto_cliente (contacto, Cliente_idCliente) values ('894-110-8479', 69);
insert into Contacto_cliente (contacto, Cliente_idCliente) values ('936-721-4163', 70);
insert into Contacto_cliente (contacto, Cliente_idCliente) values ('557-377-2417', 71);
insert into Contacto_cliente (contacto, Cliente_idCliente) values ('128-526-5204', 72);
insert into Contacto_cliente (contacto, Cliente_idCliente) values ('475-842-6510', 73);
insert into Contacto_cliente (contacto, Cliente_idCliente) values ('202-846-8167', 74);
insert into Contacto_cliente (contacto, Cliente_idCliente) values ('212-919-4432', 75);
insert into Contacto_cliente (contacto, Cliente_idCliente) values ('384-125-9598', 76);
insert into Contacto_cliente (contacto, Cliente_idCliente) values ('361-874-9851', 77);
insert into Contacto_cliente (contacto, Cliente_idCliente) values ('310-169-6111', 78);
insert into Contacto_cliente (contacto, Cliente_idCliente) values ('883-627-9116', 79);
insert into Contacto_cliente (contacto, Cliente_idCliente) values ('750-420-0579', 80);
insert into Contacto_cliente (contacto, Cliente_idCliente) values ('575-408-4441', 81);
insert into Contacto_cliente (contacto, Cliente_idCliente) values ('778-109-7624', 82);
insert into Contacto_cliente (contacto, Cliente_idCliente) values ('933-181-0638', 83);
insert into Contacto_cliente (contacto, Cliente_idCliente) values ('829-582-5709', 84);
insert into Contacto_cliente (contacto, Cliente_idCliente) values ('602-443-5454', 85);
insert into Contacto_cliente (contacto, Cliente_idCliente) values ('821-942-8509', 86);
insert into Contacto_cliente (contacto, Cliente_idCliente) values ('312-509-7569', 87);
insert into Contacto_cliente (contacto, Cliente_idCliente) values ('915-988-7124', 88);
insert into Contacto_cliente (contacto, Cliente_idCliente) values ('447-414-1799', 89);
insert into Contacto_cliente (contacto, Cliente_idCliente) values ('499-777-4209', 90);
insert into Contacto_cliente (contacto, Cliente_idCliente) values ('228-728-4411', 91);
insert into Contacto_cliente (contacto, Cliente_idCliente) values ('694-406-0797', 92);
insert into Contacto_cliente (contacto, Cliente_idCliente) values ('781-726-2189', 93);
insert into Contacto_cliente (contacto, Cliente_idCliente) values ('801-552-7176', 94);
insert into Contacto_cliente (contacto, Cliente_idCliente) values ('447-842-3796', 95);
insert into Contacto_cliente (contacto, Cliente_idCliente) values ('897-197-1194', 96);
insert into Contacto_cliente (contacto, Cliente_idCliente) values ('768-464-6986', 97);
insert into Contacto_cliente (contacto, Cliente_idCliente) values ('416-467-0973', 98);
insert into Contacto_cliente (contacto, Cliente_idCliente) values ('169-271-6180', 99);
insert into Contacto_cliente (contacto, Cliente_idCliente) values ('723-518-4285', 100);
insert into Contacto_cliente (contacto, Cliente_idCliente) values ('202-356-3367', 8);
insert into Contacto_cliente (contacto, Cliente_idCliente) values ('256-886-2038', 4);
insert into Contacto_cliente (contacto, Cliente_idCliente) values ('731-604-0189', 48);
insert into Contacto_cliente (contacto, Cliente_idCliente) values ('403-200-3156', 89);
insert into Contacto_cliente (contacto, Cliente_idCliente) values ('182-479-2388', 90);
insert into Contacto_cliente (contacto, Cliente_idCliente) values ('682-841-6069', 77);
insert into Contacto_cliente (contacto, Cliente_idCliente) values ('604-763-9586', 57);
insert into Contacto_cliente (contacto, Cliente_idCliente) values ('213-370-3978', 50);
insert into Contacto_cliente (contacto, Cliente_idCliente) values ('789-382-5618', 13);
insert into Contacto_cliente (contacto, Cliente_idCliente) values ('654-564-0782', 91);
insert into Contacto_cliente (contacto, Cliente_idCliente) values ('114-157-0345', 9);
insert into Contacto_cliente (contacto, Cliente_idCliente) values ('398-465-1026', 20);
insert into Contacto_cliente (contacto, Cliente_idCliente) values ('670-492-2785', 54);
insert into Contacto_cliente (contacto, Cliente_idCliente) values ('732-857-3958', 79);
insert into Contacto_cliente (contacto, Cliente_idCliente) values ('718-366-5700', 90);
insert into Contacto_cliente (contacto, Cliente_idCliente) values ('797-157-1982', 18);
insert into Contacto_cliente (contacto, Cliente_idCliente) values ('749-968-2549', 36);
insert into Contacto_cliente (contacto, Cliente_idCliente) values ('829-258-0817', 13);
insert into Contacto_cliente (contacto, Cliente_idCliente) values ('402-621-0677', 5);
insert into Contacto_cliente (contacto, Cliente_idCliente) values ('775-474-3086', 39);
insert into Contacto_cliente (contacto, Cliente_idCliente) values ('526-461-4089', 6);
insert into Contacto_cliente (contacto, Cliente_idCliente) values ('401-373-9618', 97);
insert into Contacto_cliente (contacto, Cliente_idCliente) values ('296-168-1479', 9);
insert into Contacto_cliente (contacto, Cliente_idCliente) values ('977-306-4084', 22);
insert into Contacto_cliente (contacto, Cliente_idCliente) values ('529-244-0874', 39);
insert into Contacto_cliente (contacto, Cliente_idCliente) values ('842-730-9080', 26);
insert into Contacto_cliente (contacto, Cliente_idCliente) values ('675-756-8358', 92);
insert into Contacto_cliente (contacto, Cliente_idCliente) values ('480-311-2286', 98);
insert into Contacto_cliente (contacto, Cliente_idCliente) values ('451-923-5267', 90);
insert into Contacto_cliente (contacto, Cliente_idCliente) values ('457-883-0982', 66);
insert into Contacto_cliente (contacto, Cliente_idCliente) values ('851-248-9806', 84);
insert into Contacto_cliente (contacto, Cliente_idCliente) values ('914-753-0101', 66);
insert into Contacto_cliente (contacto, Cliente_idCliente) values ('129-459-5921', 78);
insert into Contacto_cliente (contacto, Cliente_idCliente) values ('419-135-4112', 10);
insert into Contacto_cliente (contacto, Cliente_idCliente) values ('311-241-4488', 98);
insert into Contacto_cliente (contacto, Cliente_idCliente) values ('522-368-4534', 31);
insert into Contacto_cliente (contacto, Cliente_idCliente) values ('510-183-0543', 15);
insert into Contacto_cliente (contacto, Cliente_idCliente) values ('489-398-9727', 23);
insert into Contacto_cliente (contacto, Cliente_idCliente) values ('522-381-8965', 12);
insert into Contacto_cliente (contacto, Cliente_idCliente) values ('380-238-0603', 79);

insert into Fatura (codigo, data, valor_c_iva, Consulta_idConsulta) values ('LL/5813205', '2020-01-16', 28.95, 1);
insert into Fatura (codigo, data, valor_c_iva, Consulta_idConsulta) values ('WH/5160089', '2020-03-08', 27.56, 2);
insert into Fatura (codigo, data, valor_c_iva, Consulta_idConsulta) values ('BI/0199755', '2020-06-12', 49.95, 3);
insert into Fatura (codigo, data, valor_c_iva, Consulta_idConsulta) values ('XD/6373401', '2020-09-16', 29.06, 4);
insert into Fatura (codigo, data, valor_c_iva, Consulta_idConsulta) values ('MS/1442390', '2020-02-28', 63.21, 5);
insert into Fatura (codigo, data, valor_c_iva, Consulta_idConsulta) values ('UH/2588362', '2020-08-18', 68.05, 6);
insert into Fatura (codigo, data, valor_c_iva, Consulta_idConsulta) values ('HV/7720168', '2020-07-11', 24.4, 7);
insert into Fatura (codigo, data, valor_c_iva, Consulta_idConsulta) values ('XJ/2444039', '2020-02-20', 36.78, 8);
insert into Fatura (codigo, data, valor_c_iva, Consulta_idConsulta) values ('ZP/4389510', '2020-10-24', 37.02, 9);
insert into Fatura (codigo, data, valor_c_iva, Consulta_idConsulta) values ('SM/0019458', '2020-04-17', 67.68, 10);
insert into Fatura (codigo, data, valor_c_iva, Consulta_idConsulta) values ('BQ/5749814', '2020-07-18', 28.87, 11);
insert into Fatura (codigo, data, valor_c_iva, Consulta_idConsulta) values ('RB/0017298', '2020-11-13', 77.57, 12);
insert into Fatura (codigo, data, valor_c_iva, Consulta_idConsulta) values ('PE/3090400', '2020-07-13', 67.77, 13);
insert into Fatura (codigo, data, valor_c_iva, Consulta_idConsulta) values ('BE/2094508', '2020-07-16', 31.36, 14);
insert into Fatura (codigo, data, valor_c_iva, Consulta_idConsulta) values ('TN/0825555', '2020-08-05', 32.2, 15);
insert into Fatura (codigo, data, valor_c_iva, Consulta_idConsulta) values ('LS/5533692', '2020-08-23', 51.63, 16);
insert into Fatura (codigo, data, valor_c_iva, Consulta_idConsulta) values ('FQ/7076498', '2020-11-21', 29.97, 17);
insert into Fatura (codigo, data, valor_c_iva, Consulta_idConsulta) values ('MH/9413459', '2020-09-15', 27.31, 18);
insert into Fatura (codigo, data, valor_c_iva, Consulta_idConsulta) values ('FX/7074367', '2020-02-27', 23.71, 19);
insert into Fatura (codigo, data, valor_c_iva, Consulta_idConsulta) values ('GY/7907224', '2020-11-24', 34.39, 20);
insert into Fatura (codigo, data, valor_c_iva, Consulta_idConsulta) values ('GA/2760196', '2020-09-07', 74.65, 21);
insert into Fatura (codigo, data, valor_c_iva, Consulta_idConsulta) values ('EV/5070796', '2020-08-22', 58.64, 22);
insert into Fatura (codigo, data, valor_c_iva, Consulta_idConsulta) values ('AM/1442784', '2020-02-17', 33.73, 23);
insert into Fatura (codigo, data, valor_c_iva, Consulta_idConsulta) values ('BU/3561613', '2020-10-30', 26.64, 24);
insert into Fatura (codigo, data, valor_c_iva, Consulta_idConsulta) values ('QX/9438307', '2020-05-20', 51.53, 25);
insert into Fatura (codigo, data, valor_c_iva, Consulta_idConsulta) values ('KA/0100168', '2020-11-19', 40.54, 26);
insert into Fatura (codigo, data, valor_c_iva, Consulta_idConsulta) values ('MP/2464046', '2020-11-17', 36.08, 27);
insert into Fatura (codigo, data, valor_c_iva, Consulta_idConsulta) values ('OY/5114217', '2020-11-24', 28.49, 28);
insert into Fatura (codigo, data, valor_c_iva, Consulta_idConsulta) values ('GI/6207160', '2020-03-10', 68.73, 29);
insert into Fatura (codigo, data, valor_c_iva, Consulta_idConsulta) values ('WV/4512365', '2020-06-02', 74.65, 30);
insert into Fatura (codigo, data, valor_c_iva, Consulta_idConsulta) values ('FI/3393289', '2020-05-26', 71.43, 31);
insert into Fatura (codigo, data, valor_c_iva, Consulta_idConsulta) values ('PO/3438604', '2020-09-05', 69.95, 32);
insert into Fatura (codigo, data, valor_c_iva, Consulta_idConsulta) values ('UG/7120951', '2020-12-31', 37.68, 33);
insert into Fatura (codigo, data, valor_c_iva, Consulta_idConsulta) values ('AD/2835738', '2020-06-24', 34.23, 34);
insert into Fatura (codigo, data, valor_c_iva, Consulta_idConsulta) values ('FY/8332520', '2020-10-02', 29.59, 35);
insert into Fatura (codigo, data, valor_c_iva, Consulta_idConsulta) values ('WV/7051560', '2020-07-31', 63.7, 36);
insert into Fatura (codigo, data, valor_c_iva, Consulta_idConsulta) values ('KT/4445565', '2020-02-06', 77.71, 37);
insert into Fatura (codigo, data, valor_c_iva, Consulta_idConsulta) values ('OV/1638625', '2020-08-26', 65.75, 38);
insert into Fatura (codigo, data, valor_c_iva, Consulta_idConsulta) values ('XR/4512435', '2020-04-17', 36.97, 39);
insert into Fatura (codigo, data, valor_c_iva, Consulta_idConsulta) values ('UT/4472731', '2020-03-26', 38.66, 40);
insert into Fatura (codigo, data, valor_c_iva, Consulta_idConsulta) values ('UD/4656058', '2020-11-26', 27.9, 41);
insert into Fatura (codigo, data, valor_c_iva, Consulta_idConsulta) values ('AQ/4481215', '2020-10-29', 76.03, 42);
insert into Fatura (codigo, data, valor_c_iva, Consulta_idConsulta) values ('JC/4194150', '2020-01-08', 54.02, 43);
insert into Fatura (codigo, data, valor_c_iva, Consulta_idConsulta) values ('HC/6473159', '2020-04-06', 34.33, 44);
insert into Fatura (codigo, data, valor_c_iva, Consulta_idConsulta) values ('NN/9515713', '2020-04-08', 57.99, 45);
insert into Fatura (codigo, data, valor_c_iva, Consulta_idConsulta) values ('OU/6143664', '2020-04-03', 20.25, 46);
insert into Fatura (codigo, data, valor_c_iva, Consulta_idConsulta) values ('ML/1644851', '2020-10-06', 45.45, 47);
insert into Fatura (codigo, data, valor_c_iva, Consulta_idConsulta) values ('QP/5312602', '2020-03-05', 71.78, 48);
insert into Fatura (codigo, data, valor_c_iva, Consulta_idConsulta) values ('RZ/5847811', '2020-06-21', 45.9, 49);
insert into Fatura (codigo, data, valor_c_iva, Consulta_idConsulta) values ('MV/1632222', '2020-08-09', 73.51, 50);
insert into Fatura (codigo, data, valor_c_iva, Consulta_idConsulta) values ('HA/4454482', '2020-07-05', 24.9, 51);
insert into Fatura (codigo, data, valor_c_iva, Consulta_idConsulta) values ('RC/6113334', '2020-01-25', 54.75, 52);
insert into Fatura (codigo, data, valor_c_iva, Consulta_idConsulta) values ('VQ/3732570', '2020-04-09', 69.18, 53);
insert into Fatura (codigo, data, valor_c_iva, Consulta_idConsulta) values ('JM/9410802', '2020-08-18', 20.24, 54);
insert into Fatura (codigo, data, valor_c_iva, Consulta_idConsulta) values ('FF/3302164', '2020-10-13', 78.15, 55);
insert into Fatura (codigo, data, valor_c_iva, Consulta_idConsulta) values ('BS/2127300', '2020-07-16', 39.42, 56);
insert into Fatura (codigo, data, valor_c_iva, Consulta_idConsulta) values ('ZM/4003043', '2020-02-06', 54.22, 57);
insert into Fatura (codigo, data, valor_c_iva, Consulta_idConsulta) values ('PD/5938034', '2020-05-27', 27.3, 58);
insert into Fatura (codigo, data, valor_c_iva, Consulta_idConsulta) values ('RR/6996268', '2020-03-14', 34.72, 59);
insert into Fatura (codigo, data, valor_c_iva, Consulta_idConsulta) values ('VU/1527745', '2020-03-28', 42.85, 60);
insert into Fatura (codigo, data, valor_c_iva, Consulta_idConsulta) values ('ZS/3704149', '2020-01-11', 64.58, 61);
insert into Fatura (codigo, data, valor_c_iva, Consulta_idConsulta) values ('XI/4431560', '2020-02-06', 21.49, 62);
insert into Fatura (codigo, data, valor_c_iva, Consulta_idConsulta) values ('IT/0455715', '2020-12-22', 38.3, 63);
insert into Fatura (codigo, data, valor_c_iva, Consulta_idConsulta) values ('XL/5845855', '2020-03-15', 65.25, 64);
insert into Fatura (codigo, data, valor_c_iva, Consulta_idConsulta) values ('XV/3256707', '2020-07-01', 23.07, 65);
insert into Fatura (codigo, data, valor_c_iva, Consulta_idConsulta) values ('KJ/3203433', '2020-07-05', 76.2, 66);
insert into Fatura (codigo, data, valor_c_iva, Consulta_idConsulta) values ('PH/8838015', '2020-03-07', 39.98, 67);
insert into Fatura (codigo, data, valor_c_iva, Consulta_idConsulta) values ('FP/0621149', '2020-05-06', 32.06, 68);
insert into Fatura (codigo, data, valor_c_iva, Consulta_idConsulta) values ('JT/5730337', '2020-01-25', 41.19, 69);
insert into Fatura (codigo, data, valor_c_iva, Consulta_idConsulta) values ('YU/1768050', '2020-11-06', 79.11, 70);
insert into Fatura (codigo, data, valor_c_iva, Consulta_idConsulta) values ('ZB/2831973', '2020-02-07', 36.35, 71);
insert into Fatura (codigo, data, valor_c_iva, Consulta_idConsulta) values ('LZ/2871073', '2020-05-16', 72.68, 72);
insert into Fatura (codigo, data, valor_c_iva, Consulta_idConsulta) values ('YH/9550165', '2020-06-10', 21.84, 73);
insert into Fatura (codigo, data, valor_c_iva, Consulta_idConsulta) values ('MG/2480405', '2020-11-26', 23.84, 74);
insert into Fatura (codigo, data, valor_c_iva, Consulta_idConsulta) values ('DG/2596899', '2020-06-22', 74.43, 75);
insert into Fatura (codigo, data, valor_c_iva, Consulta_idConsulta) values ('SD/3207163', '2020-02-03', 52.43, 76);
insert into Fatura (codigo, data, valor_c_iva, Consulta_idConsulta) values ('SZ/2911404', '2020-08-11', 38.42, 77);
insert into Fatura (codigo, data, valor_c_iva, Consulta_idConsulta) values ('SM/0625974', '2020-06-11', 25.79, 78);
insert into Fatura (codigo, data, valor_c_iva, Consulta_idConsulta) values ('DW/3731273', '2020-08-19', 35.49, 79);
insert into Fatura (codigo, data, valor_c_iva, Consulta_idConsulta) values ('GF/4127830', '2020-08-29', 52.73, 80);
insert into Fatura (codigo, data, valor_c_iva, Consulta_idConsulta) values ('PZ/0173237', '2020-07-16', 34.66, 81);
insert into Fatura (codigo, data, valor_c_iva, Consulta_idConsulta) values ('LN/4722958', '2020-04-03', 30.94, 82);
insert into Fatura (codigo, data, valor_c_iva, Consulta_idConsulta) values ('HG/2080549', '2020-09-08', 46.11, 83);
insert into Fatura (codigo, data, valor_c_iva, Consulta_idConsulta) values ('DF/4688170', '2020-05-05', 62.44, 84);
insert into Fatura (codigo, data, valor_c_iva, Consulta_idConsulta) values ('AY/3274236', '2020-07-04', 76.05, 85);
insert into Fatura (codigo, data, valor_c_iva, Consulta_idConsulta) values ('WE/8226445', '2020-01-22', 66.95, 86);
insert into Fatura (codigo, data, valor_c_iva, Consulta_idConsulta) values ('KP/8527986', '2020-01-18', 60.71, 87);
insert into Fatura (codigo, data, valor_c_iva, Consulta_idConsulta) values ('OS/5452118', '2020-02-10', 68.92, 88);
insert into Fatura (codigo, data, valor_c_iva, Consulta_idConsulta) values ('RW/8236223', '2020-03-02', 78.25, 89);
insert into Fatura (codigo, data, valor_c_iva, Consulta_idConsulta) values ('KV/1141461', '2020-01-25', 42.87, 90);
insert into Fatura (codigo, data, valor_c_iva, Consulta_idConsulta) values ('NM/7192581', '2020-03-04', 22.12, 91);
insert into Fatura (codigo, data, valor_c_iva, Consulta_idConsulta) values ('AX/3582787', '2020-08-07', 62.27, 92);
insert into Fatura (codigo, data, valor_c_iva, Consulta_idConsulta) values ('PG/7928906', '2020-01-09', 70.75, 93);
insert into Fatura (codigo, data, valor_c_iva, Consulta_idConsulta) values ('VF/1035824', '2020-02-21', 59.19, 94);
insert into Fatura (codigo, data, valor_c_iva, Consulta_idConsulta) values ('BR/6599823', '2020-11-17', 65.38, 95);
insert into Fatura (codigo, data, valor_c_iva, Consulta_idConsulta) values ('BY/2692971', '2020-09-26', 51.27, 96);
insert into Fatura (codigo, data, valor_c_iva, Consulta_idConsulta) values ('GO/9737065', '2020-04-09', 36.03, 97);
insert into Fatura (codigo, data, valor_c_iva, Consulta_idConsulta) values ('DW/7044994', '2020-11-14', 42.89, 98);
insert into Fatura (codigo, data, valor_c_iva, Consulta_idConsulta) values ('BB/3139807', '2020-06-09', 49.23, 99);
insert into Fatura (codigo, data, valor_c_iva, Consulta_idConsulta) values ('JF/3375729', '2020-06-06', 22.69, 100);
insert into Fatura (codigo, data, valor_c_iva, Consulta_idConsulta) values ('XO/2467895', '2020-09-13', 78.07, 101);
insert into Fatura (codigo, data, valor_c_iva, Consulta_idConsulta) values ('SC/5865274', '2020-09-23', 21.84, 102);
insert into Fatura (codigo, data, valor_c_iva, Consulta_idConsulta) values ('QF/3897850', '2020-11-20', 29.19, 103);
insert into Fatura (codigo, data, valor_c_iva, Consulta_idConsulta) values ('ZU/9973494', '2020-04-21', 22.63, 104);
insert into Fatura (codigo, data, valor_c_iva, Consulta_idConsulta) values ('DB/5486125', '2020-11-06', 71.03, 105);
insert into Fatura (codigo, data, valor_c_iva, Consulta_idConsulta) values ('DM/7092791', '2020-05-14', 43.14, 106);
insert into Fatura (codigo, data, valor_c_iva, Consulta_idConsulta) values ('AY/0847217', '2020-09-12', 78.45, 107);
insert into Fatura (codigo, data, valor_c_iva, Consulta_idConsulta) values ('BG/0170807', '2020-04-07', 34.39, 108);
insert into Fatura (codigo, data, valor_c_iva, Consulta_idConsulta) values ('EB/8779293', '2020-07-23', 43.84, 109);
insert into Fatura (codigo, data, valor_c_iva, Consulta_idConsulta) values ('UJ/5534317', '2020-07-12', 68.03, 110);
insert into Fatura (codigo, data, valor_c_iva, Consulta_idConsulta) values ('QH/0393729', '2020-02-01', 25.05, 111);
insert into Fatura (codigo, data, valor_c_iva, Consulta_idConsulta) values ('PY/2543990', '2020-06-26', 41.63, 112);
insert into Fatura (codigo, data, valor_c_iva, Consulta_idConsulta) values ('UF/8668983', '2020-08-26', 41.24, 113);
insert into Fatura (codigo, data, valor_c_iva, Consulta_idConsulta) values ('NH/9772393', '2020-05-14', 20.63, 114);
insert into Fatura (codigo, data, valor_c_iva, Consulta_idConsulta) values ('QE/7214996', '2020-01-11', 53.61, 115);
insert into Fatura (codigo, data, valor_c_iva, Consulta_idConsulta) values ('QN/0835132', '2020-12-29', 69.3, 116);
insert into Fatura (codigo, data, valor_c_iva, Consulta_idConsulta) values ('VN/9959515', '2020-05-26', 23.56, 117);
insert into Fatura (codigo, data, valor_c_iva, Consulta_idConsulta) values ('JF/5234475', '2020-07-11', 74.17, 118);
insert into Fatura (codigo, data, valor_c_iva, Consulta_idConsulta) values ('UX/0532176', '2020-02-21', 79.18, 119);
insert into Fatura (codigo, data, valor_c_iva, Consulta_idConsulta) values ('WU/3994810', '2020-05-26', 63.29, 120);
insert into Fatura (codigo, data, valor_c_iva, Consulta_idConsulta) values ('TY/2875497', '2020-07-31', 56.98, 121);
insert into Fatura (codigo, data, valor_c_iva, Consulta_idConsulta) values ('PW/3585456', '2020-06-12', 22.75, 122);
insert into Fatura (codigo, data, valor_c_iva, Consulta_idConsulta) values ('HM/5147939', '2020-06-18', 47.91, 123);
insert into Fatura (codigo, data, valor_c_iva, Consulta_idConsulta) values ('LK/0045766', '2020-07-12', 40.18, 124);
insert into Fatura (codigo, data, valor_c_iva, Consulta_idConsulta) values ('FK/5006015', '2020-08-28', 72.84, 125);
insert into Fatura (codigo, data, valor_c_iva, Consulta_idConsulta) values ('LR/2799919', '2020-06-20', 59.4, 126);
insert into Fatura (codigo, data, valor_c_iva, Consulta_idConsulta) values ('MQ/5199453', '2020-09-15', 53.75, 127);
insert into Fatura (codigo, data, valor_c_iva, Consulta_idConsulta) values ('MW/7778435', '2020-02-24', 40.02, 128);
insert into Fatura (codigo, data, valor_c_iva, Consulta_idConsulta) values ('FR/8708655', '2020-05-16', 29.57, 129);
insert into Fatura (codigo, data, valor_c_iva, Consulta_idConsulta) values ('ES/5563017', '2020-01-17', 76.43, 130);
insert into Fatura (codigo, data, valor_c_iva, Consulta_idConsulta) values ('QB/9292785', '2020-03-31', 35.11, 131);
insert into Fatura (codigo, data, valor_c_iva, Consulta_idConsulta) values ('LR/4536282', '2020-11-14', 77.49, 132);
insert into Fatura (codigo, data, valor_c_iva, Consulta_idConsulta) values ('IJ/8480572', '2020-09-12', 30.69, 133);
insert into Fatura (codigo, data, valor_c_iva, Consulta_idConsulta) values ('AZ/1207725', '2020-11-15', 22.53, 134);
insert into Fatura (codigo, data, valor_c_iva, Consulta_idConsulta) values ('JN/4750099', '2020-05-06', 38.09, 135);
insert into Fatura (codigo, data, valor_c_iva, Consulta_idConsulta) values ('ZI/9545908', '2020-03-15', 36.31, 136);
insert into Fatura (codigo, data, valor_c_iva, Consulta_idConsulta) values ('EZ/5206128', '2020-11-17', 64.41, 137);
insert into Fatura (codigo, data, valor_c_iva, Consulta_idConsulta) values ('TU/8494670', '2020-10-24', 47.4, 138);
insert into Fatura (codigo, data, valor_c_iva, Consulta_idConsulta) values ('WB/5133590', '2020-02-07', 43.31, 139);
insert into Fatura (codigo, data, valor_c_iva, Consulta_idConsulta) values ('FA/0443404', '2020-02-01', 39.81, 140);
insert into Fatura (codigo, data, valor_c_iva, Consulta_idConsulta) values ('ZQ/4018365', '2020-10-21', 68.08, 141);
insert into Fatura (codigo, data, valor_c_iva, Consulta_idConsulta) values ('KF/5831763', '2020-07-28', 33.6, 142);
insert into Fatura (codigo, data, valor_c_iva, Consulta_idConsulta) values ('AA/0007663', '2020-06-13', 37.01, 143);
insert into Fatura (codigo, data, valor_c_iva, Consulta_idConsulta) values ('ND/6459431', '2020-12-06', 29.34, 144);
insert into Fatura (codigo, data, valor_c_iva, Consulta_idConsulta) values ('DU/8917542', '2020-04-27', 26.22, 145);
insert into Fatura (codigo, data, valor_c_iva, Consulta_idConsulta) values ('DB/4322043', '2020-02-03', 64.01, 146);
insert into Fatura (codigo, data, valor_c_iva, Consulta_idConsulta) values ('IT/1873562', '2020-05-07', 44.37, 147);
insert into Fatura (codigo, data, valor_c_iva, Consulta_idConsulta) values ('GY/7151593', '2020-08-26', 37.33, 148);
insert into Fatura (codigo, data, valor_c_iva, Consulta_idConsulta) values ('UA/6999660', '2020-10-23', 30.37, 149);
insert into Fatura (codigo, data, valor_c_iva, Consulta_idConsulta) values ('NC/1021665', '2020-03-17', 68.44, 150);
insert into Fatura (codigo, data, valor_c_iva, Consulta_idConsulta) values ('ZW/4370000', '2020-10-09', 65.1, 151);
insert into Fatura (codigo, data, valor_c_iva, Consulta_idConsulta) values ('EW/4013533', '2020-12-11', 77.68, 152);
insert into Fatura (codigo, data, valor_c_iva, Consulta_idConsulta) values ('MI/3461334', '2020-11-11', 44.45, 153);
insert into Fatura (codigo, data, valor_c_iva, Consulta_idConsulta) values ('CP/4448094', '2020-01-30', 77.11, 154);
insert into Fatura (codigo, data, valor_c_iva, Consulta_idConsulta) values ('NV/6955044', '2020-07-27', 68.5, 155);
insert into Fatura (codigo, data, valor_c_iva, Consulta_idConsulta) values ('HJ/1182336', '2020-09-06', 73.13, 156);
insert into Fatura (codigo, data, valor_c_iva, Consulta_idConsulta) values ('EX/1637445', '2020-01-20', 37.25, 157);
insert into Fatura (codigo, data, valor_c_iva, Consulta_idConsulta) values ('MX/2434700', '2020-03-01', 36.56, 158);
insert into Fatura (codigo, data, valor_c_iva, Consulta_idConsulta) values ('XV/8453619', '2020-10-22', 64.47, 159);
insert into Fatura (codigo, data, valor_c_iva, Consulta_idConsulta) values ('ZT/5507058', '2020-10-27', 62.98, 160);
insert into Fatura (codigo, data, valor_c_iva, Consulta_idConsulta) values ('BZ/1325271', '2020-12-16', 32.08, 161);
insert into Fatura (codigo, data, valor_c_iva, Consulta_idConsulta) values ('CM/9669859', '2020-07-01', 42.91, 162);
insert into Fatura (codigo, data, valor_c_iva, Consulta_idConsulta) values ('OZ/2172223', '2020-01-18', 32.04, 163);
insert into Fatura (codigo, data, valor_c_iva, Consulta_idConsulta) values ('WU/4323048', '2020-09-19', 77.42, 164);
insert into Fatura (codigo, data, valor_c_iva, Consulta_idConsulta) values ('MZ/2001989', '2020-06-23', 31.7, 165);
insert into Fatura (codigo, data, valor_c_iva, Consulta_idConsulta) values ('GR/6294969', '2020-05-05', 50.0, 166);
insert into Fatura (codigo, data, valor_c_iva, Consulta_idConsulta) values ('CP/2690232', '2020-08-22', 76.0, 167);
insert into Fatura (codigo, data, valor_c_iva, Consulta_idConsulta) values ('XX/1046468', '2020-02-17', 75.1, 168);
insert into Fatura (codigo, data, valor_c_iva, Consulta_idConsulta) values ('DN/8256769', '2020-06-25', 74.74, 169);
insert into Fatura (codigo, data, valor_c_iva, Consulta_idConsulta) values ('DC/5288793', '2020-04-01', 39.86, 170);
insert into Fatura (codigo, data, valor_c_iva, Consulta_idConsulta) values ('HJ/0792561', '2020-04-29', 54.9, 171);
insert into Fatura (codigo, data, valor_c_iva, Consulta_idConsulta) values ('JD/8512181', '2020-06-13', 63.32, 172);
insert into Fatura (codigo, data, valor_c_iva, Consulta_idConsulta) values ('VM/1948389', '2020-03-08', 62.21, 173);
insert into Fatura (codigo, data, valor_c_iva, Consulta_idConsulta) values ('ER/4478863', '2020-08-02', 67.82, 174);
insert into Fatura (codigo, data, valor_c_iva, Consulta_idConsulta) values ('RR/4014192', '2020-05-26', 77.16, 175);
insert into Fatura (codigo, data, valor_c_iva, Consulta_idConsulta) values ('LI/6139387', '2020-11-19', 34.24, 176);
insert into Fatura (codigo, data, valor_c_iva, Consulta_idConsulta) values ('DK/0510485', '2020-04-28', 47.65, 177);
insert into Fatura (codigo, data, valor_c_iva, Consulta_idConsulta) values ('XJ/9854689', '2020-09-03', 24.51, 178);
insert into Fatura (codigo, data, valor_c_iva, Consulta_idConsulta) values ('FT/3946997', '2020-11-23', 32.12, 179);
insert into Fatura (codigo, data, valor_c_iva, Consulta_idConsulta) values ('QT/4796137', '2020-09-21', 26.2, 180);
insert into Fatura (codigo, data, valor_c_iva, Consulta_idConsulta) values ('XY/7777483', '2020-03-02', 49.45, 181);
insert into Fatura (codigo, data, valor_c_iva, Consulta_idConsulta) values ('MO/6375687', '2020-11-16', 33.66, 182);
insert into Fatura (codigo, data, valor_c_iva, Consulta_idConsulta) values ('NJ/9736699', '2020-03-09', 21.89, 183);
insert into Fatura (codigo, data, valor_c_iva, Consulta_idConsulta) values ('BO/6657206', '2020-06-19', 29.95, 184);
insert into Fatura (codigo, data, valor_c_iva, Consulta_idConsulta) values ('JM/8266555', '2020-09-17', 21.44, 185);
insert into Fatura (codigo, data, valor_c_iva, Consulta_idConsulta) values ('LY/6796047', '2020-12-16', 35.19, 186);
insert into Fatura (codigo, data, valor_c_iva, Consulta_idConsulta) values ('TL/8268073', '2020-02-22', 46.13, 187);
insert into Fatura (codigo, data, valor_c_iva, Consulta_idConsulta) values ('WK/7532086', '2020-04-18', 42.53, 188);
insert into Fatura (codigo, data, valor_c_iva, Consulta_idConsulta) values ('JR/7476717', '2020-12-05', 76.39, 189);
insert into Fatura (codigo, data, valor_c_iva, Consulta_idConsulta) values ('RC/2975721', '2020-07-11', 66.31, 190);
insert into Fatura (codigo, data, valor_c_iva, Consulta_idConsulta) values ('LE/4959809', '2020-05-27', 67.18, 191);
insert into Fatura (codigo, data, valor_c_iva, Consulta_idConsulta) values ('HO/5792332', '2020-08-26', 70.54, 192);
insert into Fatura (codigo, data, valor_c_iva, Consulta_idConsulta) values ('LS/5053363', '2020-03-17', 57.04, 193);
insert into Fatura (codigo, data, valor_c_iva, Consulta_idConsulta) values ('BM/5761305', '2020-04-08', 66.72, 194);
insert into Fatura (codigo, data, valor_c_iva, Consulta_idConsulta) values ('OK/3462681', '2020-10-16', 72.58, 195);
insert into Fatura (codigo, data, valor_c_iva, Consulta_idConsulta) values ('TD/3404521', '2020-10-22', 55.4, 196);
insert into Fatura (codigo, data, valor_c_iva, Consulta_idConsulta) values ('VJ/6340822', '2020-08-22', 51.46, 197);
insert into Fatura (codigo, data, valor_c_iva, Consulta_idConsulta) values ('UA/6943895', '2020-11-23', 57.56, 198);
insert into Fatura (codigo, data, valor_c_iva, Consulta_idConsulta) values ('BW/7306672', '2020-04-21', 52.06, 199);
insert into Fatura (codigo, data, valor_c_iva, Consulta_idConsulta) values ('XZ/4648341', '2020-03-08', 74.03, 200);

insert into Massagista_has_Especializacao (Massagista_idMassagista, Especializacao_idEspecializacao) values (1, 2);
insert into Massagista_has_Especializacao (Massagista_idMassagista, Especializacao_idEspecializacao) values (1, 1);
insert into Massagista_has_Especializacao (Massagista_idMassagista, Especializacao_idEspecializacao) values (2, 2);
insert into Massagista_has_Especializacao (Massagista_idMassagista, Especializacao_idEspecializacao) values (2, 3);
insert into Massagista_has_Especializacao (Massagista_idMassagista, Especializacao_idEspecializacao) values (3, 1);
insert into Massagista_has_Especializacao (Massagista_idMassagista, Especializacao_idEspecializacao) values (4, 2);
insert into Massagista_has_Especializacao (Massagista_idMassagista, Especializacao_idEspecializacao) values (5, 4);
insert into Massagista_has_Especializacao (Massagista_idMassagista, Especializacao_idEspecializacao) values (6, 3);
insert into Massagista_has_Especializacao (Massagista_idMassagista, Especializacao_idEspecializacao) values (7, 5);
insert into Massagista_has_Especializacao (Massagista_idMassagista, Especializacao_idEspecializacao) values (8, 4);
insert into Massagista_has_Especializacao (Massagista_idMassagista, Especializacao_idEspecializacao) values (9, 3);
insert into Massagista_has_Especializacao (Massagista_idMassagista, Especializacao_idEspecializacao) values (10, 3);
insert into Massagista_has_Especializacao (Massagista_idMassagista, Especializacao_idEspecializacao) values (11, 2);
insert into Massagista_has_Especializacao (Massagista_idMassagista, Especializacao_idEspecializacao) values (12, 3);
insert into Massagista_has_Especializacao (Massagista_idMassagista, Especializacao_idEspecializacao) values (13, 5);
insert into Massagista_has_Especializacao (Massagista_idMassagista, Especializacao_idEspecializacao) values (14, 4);
insert into Massagista_has_Especializacao (Massagista_idMassagista, Especializacao_idEspecializacao) values (15, 2);
insert into Massagista_has_Especializacao (Massagista_idMassagista, Especializacao_idEspecializacao) values (16, 1);
insert into Massagista_has_Especializacao (Massagista_idMassagista, Especializacao_idEspecializacao) values (17, 4);
insert into Massagista_has_Especializacao (Massagista_idMassagista, Especializacao_idEspecializacao) values (18, 1);
insert into Massagista_has_Especializacao (Massagista_idMassagista, Especializacao_idEspecializacao) values (19, 5);
insert into Massagista_has_Especializacao (Massagista_idMassagista, Especializacao_idEspecializacao) values (20, 5);
insert into Massagista_has_Especializacao (Massagista_idMassagista, Especializacao_idEspecializacao) values (21, 3);
insert into Massagista_has_Especializacao (Massagista_idMassagista, Especializacao_idEspecializacao) values (22, 1);
insert into Massagista_has_Especializacao (Massagista_idMassagista, Especializacao_idEspecializacao) values (23, 2);
insert into Massagista_has_Especializacao (Massagista_idMassagista, Especializacao_idEspecializacao) values (24, 1);
insert into Massagista_has_Especializacao (Massagista_idMassagista, Especializacao_idEspecializacao) values (25, 3);
insert into Massagista_has_Especializacao (Massagista_idMassagista, Especializacao_idEspecializacao) values (26, 1);
insert into Massagista_has_Especializacao (Massagista_idMassagista, Especializacao_idEspecializacao) values (27, 5);
insert into Massagista_has_Especializacao (Massagista_idMassagista, Especializacao_idEspecializacao) values (28, 1);
insert into Massagista_has_Especializacao (Massagista_idMassagista, Especializacao_idEspecializacao) values (29, 1);
insert into Massagista_has_Especializacao (Massagista_idMassagista, Especializacao_idEspecializacao) values (30, 4);
insert into Massagista_has_Especializacao (Massagista_idMassagista, Especializacao_idEspecializacao) values (31, 3);
insert into Massagista_has_Especializacao (Massagista_idMassagista, Especializacao_idEspecializacao) values (32, 2);
insert into Massagista_has_Especializacao (Massagista_idMassagista, Especializacao_idEspecializacao) values (33, 4);
insert into Massagista_has_Especializacao (Massagista_idMassagista, Especializacao_idEspecializacao) values (34, 3);
insert into Massagista_has_Especializacao (Massagista_idMassagista, Especializacao_idEspecializacao) values (35, 2);
insert into Massagista_has_Especializacao (Massagista_idMassagista, Especializacao_idEspecializacao) values (36, 3);
insert into Massagista_has_Especializacao (Massagista_idMassagista, Especializacao_idEspecializacao) values (37, 5);
insert into Massagista_has_Especializacao (Massagista_idMassagista, Especializacao_idEspecializacao) values (38, 4);
insert into Massagista_has_Especializacao (Massagista_idMassagista, Especializacao_idEspecializacao) values (39, 4);
insert into Massagista_has_Especializacao (Massagista_idMassagista, Especializacao_idEspecializacao) values (40, 4);
insert into Massagista_has_Especializacao (Massagista_idMassagista, Especializacao_idEspecializacao) values (41, 5);
insert into Massagista_has_Especializacao (Massagista_idMassagista, Especializacao_idEspecializacao) values (42, 4);
insert into Massagista_has_Especializacao (Massagista_idMassagista, Especializacao_idEspecializacao) values (43, 2);
insert into Massagista_has_Especializacao (Massagista_idMassagista, Especializacao_idEspecializacao) values (44, 4);
insert into Massagista_has_Especializacao (Massagista_idMassagista, Especializacao_idEspecializacao) values (45, 1);
insert into Massagista_has_Especializacao (Massagista_idMassagista, Especializacao_idEspecializacao) values (46, 1);
insert into Massagista_has_Especializacao (Massagista_idMassagista, Especializacao_idEspecializacao) values (47, 5);
insert into Massagista_has_Especializacao (Massagista_idMassagista, Especializacao_idEspecializacao) values (48, 4);
insert into Massagista_has_Especializacao (Massagista_idMassagista, Especializacao_idEspecializacao) values (49, 5);
insert into Massagista_has_Especializacao (Massagista_idMassagista, Especializacao_idEspecializacao) values (50, 2);
insert into Massagista_has_Especializacao (Massagista_idMassagista, Especializacao_idEspecializacao) values (51, 1);
insert into Massagista_has_Especializacao (Massagista_idMassagista, Especializacao_idEspecializacao) values (52, 4);
insert into Massagista_has_Especializacao (Massagista_idMassagista, Especializacao_idEspecializacao) values (53, 1);
insert into Massagista_has_Especializacao (Massagista_idMassagista, Especializacao_idEspecializacao) values (54, 3);
insert into Massagista_has_Especializacao (Massagista_idMassagista, Especializacao_idEspecializacao) values (55, 5);
insert into Massagista_has_Especializacao (Massagista_idMassagista, Especializacao_idEspecializacao) values (56, 2);
insert into Massagista_has_Especializacao (Massagista_idMassagista, Especializacao_idEspecializacao) values (57, 2);
insert into Massagista_has_Especializacao (Massagista_idMassagista, Especializacao_idEspecializacao) values (58, 5);
insert into Massagista_has_Especializacao (Massagista_idMassagista, Especializacao_idEspecializacao) values (59, 5);
insert into Massagista_has_Especializacao (Massagista_idMassagista, Especializacao_idEspecializacao) values (60, 2);
insert into Massagista_has_Especializacao (Massagista_idMassagista, Especializacao_idEspecializacao) values (61, 4);
insert into Massagista_has_Especializacao (Massagista_idMassagista, Especializacao_idEspecializacao) values (62, 3);
insert into Massagista_has_Especializacao (Massagista_idMassagista, Especializacao_idEspecializacao) values (63, 2);
insert into Massagista_has_Especializacao (Massagista_idMassagista, Especializacao_idEspecializacao) values (64, 2);
insert into Massagista_has_Especializacao (Massagista_idMassagista, Especializacao_idEspecializacao) values (65, 3);